season,episode,code,title,violence,sex,language,overall,verdict,example_1
1,1,0101,1. Death Has a Shadow,2,4,5,5,Heavy — not kid-friendly,"Sex & hookups — Cheery instrumental music.] Mom, Dad, I found cigarettes in Greg's jacket. - Greg, were you smoking cigarettes? - No, Dad. He's lying. There's no doubt about that.…"
1,2,0102,2. I Never Met the Dead Man,3,2,4,4,Strong — skip for little kids,Sex & hookups — Cheery instrumental music.] LOIS: Look at Stewie. Isn't he adorable playing with his Sesame Street phone? Put me through to the Pentagon.…
1,3,0103,3. Chitty Chitty Death Bang,3,2,4,4,Strong — skip for little kids,"Sex & hookups — LOIS: “[Singing.] ""It seems today that all you see ""is violence in movies and sex on TV ""But where are those good, old-fashioned values ""on which we used to rely?…”"
1,4,0104,4. Mind Over Murder,2,2,5,5,Heavy — not kid-friendly,"Sex & hookups — Cheery singing from TV.] SINGERS: ""When life is getting to you ""put some fresh in your life Let Mintos freshen up your life ""Life is just a breeze when you stay fresh and cool ""Because Mintos puts the fresh in life…"
1,5,0105,5. A Hero Sits Next Door,3,2,4,4,Strong — skip for little kids,"Sex & hookups — Cheery instrumental music.] Machiavelli! You've told me nothing I don't already know! Sun Tzu's The Art of War. LOIS: Stewie, those books aren't for babies. Here. Watch the Teletubbies.…"
1,6,0106,6. The Son Also Draws,2,3,4,4,Strong — skip for little kids,"Sex & hookups — Blasted matriarch! She has failed once again to replenish this frigid box with potations. l shall give her a piece of my mind! Damn it! Now look here, you.…"
1,7,0107,7. Brian: Portrait of a Dog,2,3,4,4,Strong — skip for little kids,"Sex & hookups — Come on, everyone. The Eight is Enough reunion show is about to start. Mary, have you seen Nicholas? He's up in his room sulking, Dad. Yeah. He's still upset because Abby threw out his baseball cards.…"
2,1,0201,"1. Peter, Peter, Caviar Eater",2,4,4,4,Strong — skip for little kids,"Sex & hookups — LOIS: “[Singing.] ""It seems today that all you see ""is violence in movies and sex on TV ""But where are those good, old-fashioned values ""on which we used to rely?…”"
2,2,0202,2. Holy Crap,2,4,5,5,Heavy — not kid-friendly,"Sex & hookups — LOIS: “[Singing.] ""It seems today that all you see ""is violence in movies and sex on TV ""But where are those good, old-fashioned values ""on which we used to rely?…”"
2,3,0203,3. DaBoom,2,4,4,4,Strong — skip for little kids,Sex & hookups — It seems today that all you see Is violence in movies and sex on TV But where are those good old-fashioned values On which we used to rely?…
2,4,0204,4. Brian in Love,2,4,4,4,Strong — skip for little kids,"Sex & hookups — Hello, neighbour. I'm glad we're together again. Oh! I think I hear our friend, Trolley. - Actually, it's your mortal enemy, Stewie. - What the? Don't visit the neighbourhood of make-believe today.…"
2,5,0205,5. Love Thy Trophy,3,4,4,4,Strong — skip for little kids,Sex & hookups — Good evening. I'm Diane Simmons. A stunning development tonight as O. J. Simpson is proven innocent. We have the identity of the real killer. But first It's fall.…
2,6,0206,6. Death Is a Bitch,3,4,4,4,Strong — skip for little kids,"Sex & hookups — LOIS: “[Singing.] ""It seems today that all you see ""is violence in movies and sex on TV ""But where are those good, old-fashioned values ""on which we used to rely?…”"
2,7,0207,7. The King Is Dead,3,4,4,4,Strong — skip for little kids,"Sex & hookups — LOIS: “[Singing.] ""It seems today that all you see ""is violence in movies and sex on TV ""But where are those good, old-fashioned values ""on which we used to rely?…”"
2,8,0208,"8. I Am Peter, Hear Me Roar",2,4,4,4,Strong — skip for little kids,Sex & hookups — It seems today that all you see Is violence in movies and sex on TV But where are those good old-fashioned values On which we used to rely?…
2,9,0209,9. If I'm Dyin' I'm Lyin',3,2,4,4,Strong — skip for little kids,"Sex & hookups — LOIS: “[Singing.] ""It seems today that all you see ""is violence in movies and sex on TV ""But where are those good, old-fashioned values ""on which we used to rely?…”"
2,10,0210,10. Running Mates,2,4,3,4,Strong — skip for little kids,"Sex & hookups — LOIS: “[Singing.] |""It seems today that all you see ""is violence in movies and sex on TV ""But where are those good,|old-fashioned values ""on which we used to rely?…”"
2,11,0211,"11. A Picture Is Worth 1,000 Bucks",3,3,4,4,Strong — skip for little kids,"Sex & hookups — Where's Brian? Breakfast is getting cold. In tonight's episode, the part of Brian the dog will be played by Carter Banks. - Here I am. Sorry, I - Camera two. - Sorry, I overslept.…"
2,12,0212,12. Fifteen Minutes of Shame,3,4,3,4,Strong — skip for little kids,"Sex & hookups — All right, we're gonna use a fan brush here. I want you to take some hunter green, and we're gonna put a happy little bush down here in the corner. And that'll just be our little secret.…"
2,13,0213,13. Road to Rhode Island,3,2,4,4,Strong — skip for little kids,"Sex & hookups — Excedrin headache number one: puppy mill. Damn! Does anyone here have thumbs? Anyone? No? Agh! Sorry, I don't play. Hey, come on! Knock it off! Hey, how's the flow today? Hey, hey! Whoa! Mom! Do something.…"
2,14,0214,14. Let's Go to the Hop,2,2,3,3,Moderate — better for older kids / preteens,Sex & hookups — It seems today that all you see Is violence in movies and sex on TV But where are those good old-fashioned values On which we used to rely?…
2,15,0215,15. Dammit Janet,2,2,3,3,Moderate — better for older kids / preteens,Sex & hookups — It seems today that all you see Is violence in movies and sex on TV But where are those good old-fashioned values On which we used to rely?…
2,16,0216,16. There's Something About Paulie,3,4,3,4,Strong — skip for little kids,Sex & hookups — It seems today that all you see Is violence in movies and sex on TV But where are those good old-fashioned values On which we used to rely?…
2,17,0217,17. He's Too Sexy for His Fat,1,3,4,4,Strong — skip for little kids,"Sex & hookups — Oh, my! Tomatoes are 3. 99 a pound. That's so high! Isn't that high? It seems so high. This is interminable! I demand to know why you insist on taking me everywhere you go!…"
2,18,0218,18. E. Peterbus Unum,2,4,4,4,Strong — skip for little kids,Sex & hookups — It seems today that all you see Is violence in movies and sex on TV But where are those good old-fashioned values On which we used to rely?…
2,19,0219,19. The Story on Page One,1,2,3,3,Moderate — better for older kids / preteens,"Sex & hookups — (TV) We now return to ""Sherry and the Anus"". - Anus, are you still up? - Yeah, come on in, sis. Have you ever had to tell a lie in order to keep a friend?…"
2,20,0220,20. Wasted Talent,3,2,4,4,Strong — skip for little kids,Sex & hookups — It seems today that all you see Is violence in movies and sex on TV But where are those good old-fashioned values On which we used to rely?…
2,21,0221,"21. Fore, Father",2,2,3,3,Moderate — better for older kids / preteens,"Sex & hookups — TV) We now return to ""Little House on the Prairie"". Mary, you're doing great with your Braille. I couldn't have done it without you, Pa. Why don't you go up to bed and get some sleep, honey? Sh.…"
3,1,0301,1. The Thin White Line (1),2,2,4,4,Strong — skip for little kids,"Sex & hookups — ""It seems today that all you see ""Is violence in movies and sex on TV ""But where are those|good old-fashioned values ""On which we used to rely?…"
3,2,0302,2. Brian Does Hollywood (2),2,3,4,4,Strong — skip for little kids,"Sex & hookups — Previously on ""Family Guy"": Oh, my God. Tell your father|not to start the car. You want my badge number?|Here's my freakin' badge number! - I can't lose this case. |- Lois, the case is already over.…"
3,3,0303,3. Mr. Griffin Goes to Washington,3,4,3,4,Strong — skip for little kids,"Sex & hookups — ""It seems today that all you see ""Is violence in movies and sex on TV ""But where are those|good old-fashioned values ""On which we used to rely?…"
3,4,0304,"4. One If By Clam, Two If By Sea",2,2,4,4,Strong — skip for little kids,"Sex & hookups — ""It seems today that all you see ""Is violence in movies and sex on TV ""But where are those|good old-fashioned values ""On which we used to rely?…"
3,5,0305,5. And the Wiener is...,3,4,3,4,Strong — skip for little kids,"Sex & hookups — ""It seems today that all you see ""Is violence in movies and sex on TV ""But where are those|good old-fashioned values ""On which we used to rely?…"
3,6,0306,6. Death Lives,3,2,5,5,Heavy — not kid-friendly,"Sex & hookups — ""It seems today that all you see ""Is violence in movies and sex on TV ""But where are those|good old-fashioned values ""On which we used to rely?…"
3,7,0307,7. Lethal Weapons,3,3,4,4,Strong — skip for little kids,"Sex & hookups — ""It seems today that all you see ""Is violence in movies and sex on TV ""But where are those|good old-fashioned values ""On which we used to rely?…"
3,8,0308,8. The Kiss Seen Around the World,3,2,3,3,Moderate — better for older kids / preteens,"Sex & hookups — ""It seems today that all you see ""Is violence in movies and sex on TV ""But where are those|good old-fashioned values ""On which we used to rely?…"
3,9,0309,9. Mr. Saturday Knight,3,2,4,4,Strong — skip for little kids,"Sex & hookups — ""It seems today that all you see ""Is violence in movies and sex on TV ""But where are those|good old-fashioned values ""On which we used to rely?…"
3,10,0310,10. Fish Out of Water,3,3,4,4,Strong — skip for little kids,"Sex & hookups — ""It seems today that all you see ""Is violence in movies and sex on TV ""But where are those|good old-fashioned values ""On which we used to rely?…"
3,11,0311,11. Emission Impossible,1,4,3,4,Strong — skip for little kids,"Sex & hookups — ""It seems today that all you see ""Is violence in movies and sex on TV ""But where are those|good old-fashioned values ""On which we used to rely?…"
3,12,0312,12. To Live and Die in Dixie,3,3,4,4,Strong — skip for little kids,"Sex & hookups — ""It seems today that all you see ""Is violence in movies and sex on TV ""But where are those|good old-fashioned values ""On which we used to rely?…"
3,13,0313,13. Screwed the Pooch,1,3,4,4,Strong — skip for little kids,"Sex & hookups — I got the whole day planned. |First, we see the primates. Then the butterfly house, bathroom break Can't we all just run around|in a disorganised fashion? - Yeah!|- Monkeys throw their poo!…"
3,14,0314,"14. Peter Griffin: Husband, Father...Brother?",2,4,3,4,Strong — skip for little kids,"Sex & hookups — I don't wanna go on a rant here, but America's|foreign policy makes about as much sense as Beowulf havin' sex with Robert Fulton|at the first battle of Antietam.…"
3,15,0315,"15. Ready, Willing, and Disabled",2,2,3,3,Moderate — better for older kids / preteens,"Sex & hookups — ""It seems today that all you see ""Is violence in movies and sex on TV ""But where are those|good old-fashioned values ""On which we used to rely?…"
3,16,0316,16. A Very Special Family Guy Freakin' Christmas,2,2,4,4,Strong — skip for little kids,"Sex & hookups — ""It seems today that all you see ""Is violence in movies and sex on TV ""But where are those|good old-fashioned values ""On which we used to rely?…"
3,17,0317,17. Brian Wallows and Peter's Swallows,1,4,3,4,Strong — skip for little kids,"Sex & hookups — ""It seems today that all you see ""Is violence in movies and sex on TV ""But where are those|good old-fashioned values ""On which we used to rely?…"
3,18,0318,18. From Method to Madness,1,4,3,4,Strong — skip for little kids,"Sex & hookups — ""It seems today that all you see ""Is violence in movies and sex on TV ""But where are those|good old-fashioned values ""On which we used to rely?…"
3,19,0319,"19. Stuck Together, Torn Apart",2,2,4,4,Strong — skip for little kids,"Sex & hookups — ""It seems today that all you see ""Is violence in movies and sex on TV ""But where are those|good old-fashioned values ""On which we used to rely?…"
3,20,0320,20. Road to Europe,3,1,4,4,Strong — skip for little kids,Sex & hookups — It's 4 o'clock! Away with you!|- Change it back! Jolly Farm Revue. The latest indoctrinating|pablum for children with not enough to do.…
3,21,0321,21. Family Guy Viewer Mail (1),3,3,3,3,Moderate — better for older kids / preteens,"Sex & hookups — Hi, I'm Brian Griffin. |- I'm Stewart. Many of you have written in|with suggestions for episodes. - They're mostly God-awful. |- (canned laughter) Well, we've produced|three of our favourite suggestions.…"
3,22,0322,22. When You Wish Upon a Weinstein,1,2,3,3,Moderate — better for older kids / preteens,Sex & hookups — It seems today that all you see Is violence in movies and sex on TV But where are those good old-fashioned values On which we used to rely?…
4,1,0401,1. North by North Quahog,2,4,4,4,Strong — skip for little kids,"Sex & hookups — Everybody, I got bad news. We've been cancelled. Oh no, Peter, how could they do that? Unfortunately, lois, there's just no more room on the schedule.…"
4,2,0402,2. Fast Times at Buddy Cianci Jr. High,3,3,4,4,Strong — skip for little kids,"Sex & hookups — In the television comedy world, the people are entertained by two separate yet equally important types of shows. TraditionaI sitcoms that get laughs out of everyday situations like trying to fix your own plumbing or…"
4,3,0403,3. Blind Ambition,3,4,3,4,Strong — skip for little kids,Sex & hookups — It seems today that all you see Is violence in movies and sex on TV But where are those good old-fashioned values On which we used to rely?…
4,4,0404,4. Don't Make Me Over,1,3,3,3,Moderate — better for older kids / preteens,Sex & hookups — It seems today that all you see Is violence in movies and sex on TV But where are those good old-fashioned values On which we used to rely?…
4,5,0405,5. The Cleveland-Loretta Quagmire,1,4,5,5,Heavy — not kid-friendly,Sex & hookups — It seems today that all you see Is violence in movies and sex on TV But where are those good old-fashioned values On which we used to rely?…
4,6,0406,6. Petarded,2,4,4,4,Strong — skip for little kids,Sex & hookups — It seems today that all you see Is violence in movies and sex on TV But where are those good old-fashioned values On which we used to rely?…
4,7,0407,7. Brian the Bachelor,1,3,4,4,Strong — skip for little kids,Sex & hookups — It seems today that all you see Is violence in movies and sex on TV But where are those good old-fashioned values On which we used to rely?…
4,8,0408,8. 8 Simple Rules for Buying My Teenage Daughter,2,2,4,4,Strong — skip for little kids,"Sex & hookups — Thanks for baby-sitting, Meg. We'll be back in a couple of hours. I don't understand why I have to baby-sit Stewie. I mean, what's he really gonna do if we leave him by himself? And now to test my teleportation pods.…"
4,9,0409,9. Breaking Out Is Hard to Do,2,3,4,4,Strong — skip for little kids,Sex & hookups — It seems today that all you see Is violence in movies and sex on TV But where are those good old-fashioned values On which we used to rely?…
4,10,0410,10. Model Misbehavior,3,3,4,4,Strong — skip for little kids,Sex & hookups — It seems today that all you see Is violence in movies and sex on TV But where are those good old-fashioned values On which we used to rely?…
4,11,0411,11. Peter's Got Woods,2,3,4,4,Strong — skip for little kids,Sex & hookups — It seems today that all you see Is violence in movies and sex on TV But where are those good old-fashioned values On which we used to rely?…
4,12,0412,12. Perfect Castaway,1,2,4,4,Strong — skip for little kids,Sex & hookups — It seems today that all you see Is violence in movies and sex on TV But where are those good old-fashioned values On which we used to rely?…
4,13,0413,13. Jungle Love,3,4,4,4,Strong — skip for little kids,Sex & hookups — It seems today that all you see Is violence in movies and sex on TV But where are those good old-fashioned values On which we used to rely?…
4,14,0414,14. PTV,3,4,4,4,Strong — skip for little kids,"Sex & hookups — This is a message to all American infidels. Prepare to die in a sea of holy fire. You will be punished for your decadent ways on the first day of Radaman. You Wait. Did I just say R? What'd I say? ""Radaman""? Ramadan.…"
4,15,0415,15. Brian Goes Back to College,2,4,3,4,Strong — skip for little kids,"Sex & hookups — A-Team roll call. Face? - Here and handsome. - Murdock? - Here, and crazy! - BA? - I pity the fool. But I also suggest ways he may better himself. This is gonna be a fun day.…"
4,16,0416,16. The Courtship of Stewie's Father,1,4,3,4,Strong — skip for little kids,"Sex & hookups — How come I'm never employee of the month? It's the worstjob since the Sand People choir. And a one, and a two No. The altos were early. This is the worst glee club I've ever Come on.…"
4,17,0417,17. The Fat Guy Strangler,3,4,5,5,Heavy — not kid-friendly,"Sex & hookups — Peter, don't forget you have a physical at one o'clock. For the hundredth time, Lois, I won't forget. Nag, nag, nag. I should have married that woman I met on my bachelor party.…"
4,18,0418,"18. The Father, The Son and the Holy Fonz",2,4,4,4,Strong — skip for little kids,"Sex & hookups — We now return to The Adventures of Aquaman. - Yeah? - Hey, can you grab me another beer? Yeah. Anything else? Maybe a TV guide and another pillow for your feet? No, actually, get me, like, a Dewar's and soda.…"
4,19,0419,19. Brian Sings and Swings,2,3,3,3,Moderate — better for older kids / preteens,"Sex & hookups — How did you sleep, Peter? Last night I had this crazy dream I was eating a sheep and now my pillow's gone. Wait. Here it is. What the hell was I eating? Sorry. See you, Lois.…"
4,20,0420,20. Patriot Games,2,2,4,4,Strong — skip for little kids,"Sex & hookups — Family Guy: “""Patriot Games"" All right, all bets are in. Ooh, Rupert, bad idea trusting the Celtics. Worse than when I trusted Brian to pack my parachute.…”"
4,21,0421,"21. I Take Thee, Quagmire",3,4,3,4,Strong — skip for little kids,"Nudity & bodies — Family Guy - episode 512 ""I take thee, Quagmire"" All right, Peter, you made it to the Bonus Round. Congratulations. - Thanks, Regis. - Okay. The category is ""Actor & Show. "" So we need five consonants and a vowel.…"
4,22,0422,22. Sibling Rivalry,3,5,3,5,Heavy — not kid-friendly,"Sex & hookups — Family Guy - episode 513 ""Sibling rivalry"" - Chris, did you get your homework done? - Yup. Chris, I know when you're lying to me, just like Santa Claus knows when you're sleeping.…"
4,23,0423,23. Deep Throats,3,3,3,3,Moderate — better for older kids / preteens,"Sex & hookups — Family Guy ""Deep Throats"" Tuesday on Scarecrow and Mrs. King My God, what did those drug dealers do to you? Oh, they took my chest out and threw it over there. Then they pulled my legs out and threw them over there.…"
4,24,0424,24. Peterotica,3,3,4,4,Strong — skip for little kids,"Sex & hookups — Family Guy - Les Griffin ""Peterotica"" Guys, this is the best dirty bookstore in town. Family-owned, great hours, and lots of parking in the rear. Get it? Wow, you usually expect these places to be dirty.…"
4,25,0425,25. You May Kiss The...Uh...Guy Who Receives,2,2,3,3,Moderate — better for older kids / preteens,"Sex & hookups — ""You May Now Kiss The Uh Guy Who Receives"" Oh, Brian, we're so thrilled your gay cousin Jasper finally decided to come visit. Me, too. It's been way too long. - Anyway, thanks for putting him up. - No problem, Brian.…"
4,26,0426,26. Petergeist,3,4,4,4,Strong — skip for little kids,"Sex & hookups — Family Guy ""Petergeist"" We now return to JAG. Harm, I found that evidence we need. Now we can finally clear that Chief Petty Officer of all charges Oh, what's the point? Does anybody even watch this show?…"
4,27,0427,27. Untitled Griffin Family History,3,2,3,3,Moderate — better for older kids / preteens,"Sex & hookups — Family guy ""Untitled Griffin Family History"" - Peter, did you brush your teeth? - Nah. - Peter, brush your teeth. - I don't want to. - Peter, brush your teeth. - No, it's stupid.…"
5,1,0501,1. Stewie Loves Lois,1,3,5,5,Heavy — not kid-friendly,Sex & hookups — It seems today that all you see Is violence in movies and sex on TV But where are those good old-fashioned values On which we used to rely?…
5,2,0502,2. Mother Tucker,3,4,4,4,Strong — skip for little kids,"Sex & hookups — Oh, this is so exciting. Maybe we'll get lucky and see another crash this year. Yeah, we can get some souvenirs. Last year, I got an altimeter and a shinbone. Eh, this is boring.…"
5,3,0503,3. Hell Comes to Quahog,2,1,4,4,Strong — skip for little kids,"Swearing — Oh, yes! I slam it, and you can suck it! Joe, that was our last ball. Eh, don't worry. Mr. Moose will help us out. Won't you, Mr. Moose? Fine. Knock-knock. Ping pong balls! Hey, hey, guys, look at me.…"
5,4,0504,4. Saving Private Brian,3,4,5,5,Heavy — not kid-friendly,Sex & hookups — It seems today that all you see Is violence in movies and sex on TV But where are those good old-fashioned values On which we used to rely?…
5,5,0505,5. Whistle While Your Wife Works,1,4,4,4,Strong — skip for little kids,Sex & hookups — It seems today that all you see Is violence in movies and sex on TV But where are those good old-fashioned values On which we used to rely?…
5,6,0506,6. Prick Up Your Ears,2,5,4,5,Heavy — not kid-friendly,"Sex & hookups — We now return to Rodney King of Queens. - Rodney, did you take out the trash? - Um, I forgot. Oh, no she di-in't. Pizza for Adam West. No. You gave me Canadian bacon instead of bacon? This misdeed cannot go unpunished.…"
5,7,0507,7. Chick Cancer,3,4,5,5,Heavy — not kid-friendly,Sex & hookups — It seems today that all you see Is violence in movies and sex on TV But where are those good old-fashioned values On which we used to rely?…
5,8,0508,8. Barely Legal,3,4,5,5,Heavy — not kid-friendly,"Sex & hookups — Family Guy Barely Legal And now back to Romancing the Stone. The only way they're not going to kill my sister is if we give them the stone. Well, they're going to be looking everywhere.…"
5,9,0509,9. Road to Rupert,3,3,5,5,Heavy — not kid-friendly,"Sex & hookups — Oh, Peter, you're selling your anvil? Yeah, I've had a lot of good times with this thing. Oh, a dollar! - Hey, there, Chris. - Hi, Mr. Herbert. - Selling your old hand-me-downs? - Yep.…"
5,10,0510,10. Peter's Two Dads,2,1,4,4,Strong — skip for little kids,"Sex & hookups — Um, Mom, Dad, um, I decided I want a big party this year with all my friends. And maybe a band. Is that cool? - Yeah, sure - Yeah, sure.…"
5,11,0511,11. The Tan Aquatic with Steve Zissou,3,3,5,5,Heavy — not kid-friendly,Sex & hookups — It seems today that all you see Is violence in movies and sex on TV But where are those good old-fashioned values On which we used to rely?…
5,12,0512,12. Airport '07,3,4,4,4,Strong — skip for little kids,Sex & hookups — It seems today that all you see Is violence in movies and sex on TV But where are those good old-fashioned values On which we used to rely?…
5,13,0513,13. Bill and Peter's Bogus Adventure,1,4,4,4,Strong — skip for little kids,"Sex & hookups — Family Guy Bill and Peter's Bogus Journey This was such a great idea for a weekend activity. Well, I thought it'd be good to get out of the house.…"
5,14,0514,14. No Meals on Wheels,2,3,4,4,Strong — skip for little kids,Sex & hookups — It seems today that all you see Is violence in movies and sex on TV But where are those good old-fashioned values On which we used to rely?…
5,15,0515,15. Boys Do Cry,3,4,3,4,Strong — skip for little kids,Nudity & bodies — Explicit body / sex-act language appears in dialogue.
5,16,0516,16. No Chris Left Behind,3,2,3,3,Moderate — better for older kids / preteens,Sex & hookups — It seems today that all you see Is violence in movies and sex on TV But where are those good old-fashioned values On which we used to rely?…
5,17,0517,"17. It Takes a Village Idiot, and I Married One",2,4,4,4,Strong — skip for little kids,Sex & hookups — It seems today that all you see Is violence in movies and sex on TV But where are those good old-fashioned values On which we used to rely?…
5,18,0518,18. Meet the Quagmires,3,3,5,5,Heavy — not kid-friendly,"Sex & hookups — Family Guy Meet The Quagmires Hey, Quagmire, how was your date last night? Cleveland, it was amazing. You know what I discovered last night? - Women have a fourth hole. - What? Yeah.…"
6,1,0601,1. Blue Harvest,3,4,4,4,Strong — skip for little kids,"Sex & hookups — We now return to Sunday Golf on CBS. And Mickelson here, trying to save par. And there's Mickelson's wife. God, is she hot. Look at that rack. There's a downhill lie for you.…"
6,2,0602,2. Movin' Out,2,5,4,5,Heavy — not kid-friendly,"Sex & hookups — Movin' Out (Brian's Song) This Tuesday on Lifetime, Valerie Bertinelli stars in a Lifetime original movie. You know, Doctor, you said you were going to cure my cancer, but all you did was rape me!…"
6,3,0603,"3. Believe It or Not, Joe's Walking on Air",2,1,4,4,Strong — skip for little kids,"Swearing — Family Guy - Episode S06E03 Hell comes to Quahog Correction : Kemar Oh, yes! I slam it, and you can suck it! Joe, that was our last ball. Eh, don't worry. Mr. Moose will help us out. Won't you, Mr. Moose? Fine.…"
6,4,0604,4. Stewie Kills Lois (1),3,4,4,4,Strong — skip for little kids,"Sex & hookups — Family Guy - Episode S06E04 Saving Private Brian All right, kids, assembly is starting. Now please take your seats for the following presentation by the U. S. Army.…"
6,5,0605,5. Lois Kills Stewie (2),1,4,4,4,Strong — skip for little kids,"Sex & hookups — Family Guy - Episode S06E05 Whistle While Your Wife Works - Ow, damn it! - Peter, are you all right? No, no, I think you should call somebody. - Ma'am, are you all right? - I can't breathe.…"
6,6,0606,6. Padre de Familia,2,5,4,5,Heavy — not kid-friendly,"Sex & hookups — Family Guy - Episode S06E06 Prick Up Your Ears We now return to Rodney King of Queens. - Rodney, did you take out the trash? - Um, I forgot. Oh, no she di-in't. Pizza for Adam West. No.…"
6,7,0607,7. Peter's Daughter,3,4,5,5,Heavy — not kid-friendly,"Sex & hookups — Family Guy - Episode S06E07 Chick Cancer Coming up, a New Orleans man says his socks are finally dry. But first, the big news in entertainment this week is the lovable child actress, Olivia Fuller.…"
6,8,0608,8. McStroke,3,4,3,4,Strong — skip for little kids,"Sex & hookups — Mom, where's Dad? Over across the street. He's collecting Cleveland's mail while he's out of town. Black guy mail. Peter, you're just supposed to pick up Cleveland's mail, not go through it.…"
6,9,0609,9. Back to the Woods,2,1,4,4,Strong — skip for little kids,"Sex & hookups — And now back to G. I. Jose. Hey, guys, let's go swim in the old quarry. Yeah! Wait a minute, kids. Don't go swimming in that quarry. It's dangerous. Wow, thanks, G. I. Jose.…"
6,10,0610,"10. Play it Again, Brian",2,1,4,4,Strong — skip for little kids,"Sex & hookups — Family Guy - Episode S06E10 Peter's Two Dads Um, Mom, Dad, um, I decided I want a big party this year with all my friends. And maybe a band. Is that cool? - Yeah, sure - Yeah, sure.…"
6,11,0611,11. The Former Life of Brian,2,2,4,4,Strong — skip for little kids,"Sex & hookups — The Former Life of Brian Hey, Stewie, you ready to go home? About an hour ago. This party sucks. What happened to your face? I'a ttcat. Stupid face-painters apparently never heard of Darth Maul.…"
6,12,0612,12. Long John Peter,2,4,3,4,Strong — skip for little kids,Sex & hookups — It seems today that all you see Is violence in movies and sex on TV But where are those good old-fashioned values On which we used to rely?…
7,1,0701,1. Love Blactually,3,4,3,4,Strong — skip for little kids,"Sex & hookups — Come on. People are gonna start showing up for the costume party any minute. - Hey, nice Snoopy costume, Brian. - Thanks. Aah! It's not true what they say: Punch Snoopy in the stomach as hard as you can and he won't…"
7,2,0702,2. I Dream of Jesus,2,3,5,5,Heavy — not kid-friendly,"Sex & hookups — You know, kids, there's a lot of history here. These '50s diners were very popular in the '80s. Am I gonna enjoy this meal. Not like last night. I didn't have time to poop before the guests arrived.…"
7,3,0703,3. Road to Germany,2,2,5,5,Heavy — not kid-friendly,"Porn / strippers — Okay, everyone. Hurry up and hand in your Oscar picks before it starts. Peter, for best picture you wrote Wild Hogs. Lois, four guys from the suburbs hit the road. And the road hit back.…"
7,4,0704,4. Baby Not on Board,1,4,5,5,Heavy — not kid-friendly,"Sex & hookups — You guys are gonna love this spa. They give the best massages. Your whole bodies will feel like Joe's legs. - Wow. - That would be nice for a short period. I tell you, I need this. I've had a really stressful morning.…"
7,5,0705,5. The Man with Two Brians,3,3,3,3,Moderate — better for older kids / preteens,"Sex & hookups — We now return to Jackass. Hello. My name's Johnny Knoxville and I'm gonna take a shotgun blast to the face. Okay, ready? God. These guys are hilarious. They do so much funny stuff.…"
7,6,0706,6. Tales of a Third Grade Nothing,2,4,4,4,Strong — skip for little kids,"Sex & hookups — Griffin, I need you to run these shipping reports upstairs to the CEO. Huh. There's nothing fun or entertaining about that. Maybe if I walk down the hall with a wisecracking rabbi.…"
7,7,0707,7. Ocean's Three and a Half,1,4,4,4,Strong — skip for little kids,"Sex & hookups — Hey, fellas. Y'all set for some paintball? You bet. I tell you, I know something about paint. I once met Jackson Pollock. How do you know when you're done painting? How do you know when you're done making love?…"
7,8,0708,8. Family Gay,2,4,4,4,Strong — skip for little kids,"Sex & hookups — Now, remember, don't touch this money until you get to the grocery store. Then buy one can of beans and come straight home. Do you understand? Lois, I'm a guy you can trust with a task.…"
7,9,0709,9. The Juice Is Loose!,3,2,4,4,Strong — skip for little kids,"Sex & hookups — Okay, Peter, I'm off to my book club. You'll babysit Stewie? - Only if I can have a Popsicle. - Only if you say it right. ""Popsicle. "" Good. And you better be responsible tonight.…"
7,10,0710,10. FOX-y Lady,2,4,5,5,Heavy — not kid-friendly,Sex & hookups — It seems today that all you see Is violence in movies and sex on TV But where are those good old-fashioned values On which we used to rely?…
7,11,0711,11. Not All Dogs Go to Heaven,3,4,5,5,Heavy — not kid-friendly,Sex & hookups — It seems today that all you see Is violence in movies and sex on TV But where are those good old-fashioned values On which we used to rely?…
7,12,0712,12. 420,2,4,3,4,Strong — skip for little kids,Sex & hookups — It seems today that all you see Is violence in movies and sex on TV But where are those good old-fashioned values On which we used to rely?…
7,13,0713,13. Stew-Roids,3,5,5,5,Heavy — not kid-friendly,Sex & hookups — It seems today that all you see Is violence in movies and sex on TV But where are those good old-fashioned values On which we used to rely?…
7,14,0714,14. We Love You Conrad,2,4,4,4,Strong — skip for little kids,Sex & hookups — It seems today that all you see Is violence in movies and sex on TV But where are those good old-fashioned values On which we used to rely?…
7,15,0715,15. Three Kings,3,4,4,4,Strong — skip for little kids,Sex & hookups — It seems today that all you see Is violence in movies and sex on TV But where are those good old-fashioned values On which we used to rely?…
7,16,0716,16. Peter's Progress,3,4,4,4,Strong — skip for little kids,Sex & hookups — It seems today that all you see Is violence in movies and sex on TV But where are those good old-fashioned values On which we used to rely?…
8,1,0801,1. Road to the Multiverse,2,4,4,4,Strong — skip for little kids,"Sex & hookups — Step right up. Step right up. You won't believe your eyes. Step right up and see the amazing half man, half clam. What a rip-off. It's just Kim Cattrall sitting Indian style.…"
8,2,0802,2. Family Goy,2,5,4,5,Heavy — not kid-friendly,Sex & hookups — Gathered together from the cosmic reaches of the universe. Here in this great Hall of Justice are the most powerful forces of good ever assembled. Superman. Batman and Robin. Wonder Woman. Aquaman. And Meg.…
8,3,0803,3. Spies Reminiscent of Us,1,4,4,4,Strong — skip for little kids,Sex & hookups — It seems today that all you see Is violence in movies and sex on TV But where are those good old-fashioned values On which we used to rely?…
8,4,0804,4. Brian's Got a Brand New Bag,1,4,4,4,Strong — skip for little kids,Sex & hookups — It seems today that all you see Is violence in movies and sex on TV But where are those good old-fashioned values On which we used to rely?…
8,5,0805,5. Hannah Banana,3,4,4,4,Strong — skip for little kids,Sex & hookups — It seems today that all you see Is violence in movies and sex on TV But where are those good old-fashioned values On which we used to rely?…
8,6,0806,6. Quagmire's Baby,1,4,5,5,Heavy — not kid-friendly,Sex & hookups — It seems today that all you see Is violence in movies and sex on TV But where are those good old-fashioned values On which we used to rely?…
8,7,0807,7. Jerome Is the New Black,2,3,5,5,Heavy — not kid-friendly,Sex & hookups — It seems today that all you see Is violence in movies and sex on TV But where are those good old-fashioned values On which we used to rely?…
8,8,0808,8. Dog Gone,3,2,5,5,Heavy — not kid-friendly,Sex & hookups — It seems today that all you see Is violence in movies and sex on TV But where are those good old-fashioned values On which we used to rely?…
8,9,0809,9. Business Guy,3,4,4,4,Strong — skip for little kids,Sex & hookups — It seems today that all you see Is violence in movies and sex on TV But where are those Good old-fashioned values On which we used to rely?…
8,10,0810,10. Big Man on Hippocampus,1,5,4,5,Heavy — not kid-friendly,Sex & hookups — It seems today that all you see Is violence in movies and sex on TV But where are those Good old-fashioned values On which we used to rely?…
8,11,0811,11. Dial Meg for Murder,3,4,3,4,Strong — skip for little kids,Sex & hookups — It seems today that all you see Is violence in movies and sex on TV But where are those Good old-fashioned values On which we used to rely?…
8,12,0812,12. Extra Large Medium,2,2,4,4,Strong — skip for little kids,Sex & hookups — It seems today that all you see Is violence in movies and sex on TV But where are those Good old-fashioned values On which we used to rely?…
8,13,0813,"13. Go, Stewie, Go!",2,4,4,4,Strong — skip for little kids,Sex & hookups — It seems today that all you see Is violence in movies and sex on TV But where are those Good old-fashioned values On which we used to rely?…
8,14,0814,14. Peter-assment,3,5,4,5,Heavy — not kid-friendly,Sex & hookups — It seems today that all you see Is violence in movies and sex on TV But where are those Good old-fashioned values On which we used to rely?…
8,15,0815,15. Brian Griffin's House of Payne,2,2,5,5,Heavy — not kid-friendly,"Sex & hookups — Boy, eight months on patrol and nothing. You know, Rupert, I miss the Earth so much. I miss my wife. It's lonely out in spa Uh-oh, Rupert, we've got company. And I don't think it's the Avon lady. Strap yourself in.…"
8,16,0816,16. April in Quahog,3,4,4,4,Strong — skip for little kids,Sex & hookups — It seems today that all you see Is violence in movies and sex on TV But where are those Good old-fashioned values On which we used to rely?…
8,17,0817,17. Brian & Stewie,3,2,5,5,Heavy — not kid-friendly,Sex & hookups — Hurry up. We still have to swing by Wyndham's before they close. Relax. I'm almost done. Why do you have a safety-deposit box? What's in there that you can't bury? I have things.…
8,18,0818,18. Quagmire's Dad,2,5,4,5,Heavy — not kid-friendly,Sex & hookups — It seems today that all you see Is violence in movies and sex on TV But where are those Good old-fashioned values On which we used to rely?…
8,19,0819,19. The Splendid Source,2,4,5,5,Heavy — not kid-friendly,Sex & hookups — It seems today that all you see Is violence in movies and sex on TV But where are those Good old-fashioned values On which we used to rely?…
8,20,0820,"20. Something, Something, Something, Dark Side",3,3,5,5,Heavy — not kid-friendly,"Sex & hookups — We now return to Aaron Sorkin 's new show, The Kitchen. - Where's the milk? No milk? - We're out. No. Walk with me. I want you to get some milk. - Where? Now? - At the store. Right now.…"
8,21,0821,21. Partial Terms of Endearment,1,1,1,1,Usually fine,
9,1,0901,1. And Then There Were Fewer,3,4,5,5,Heavy — not kid-friendly,Nudity & bodies — Explicit body / sex-act language appears in dialogue.
9,2,0902,2. Excellence in Broadcasting,3,3,4,4,Strong — skip for little kids,"Sex & hookups — What's wrong with the TV? - Nothing, Chris. All shows are wide-screen now, so you can see the stuff you couldn't before. We now return to The Brady Bunch. See, look. Here's what you used to see. - Good night, Mike.…"
9,3,0903,"3. Welcome Back, Carter",1,4,4,4,Strong — skip for little kids,Sex & hookups — It seems today that all you see Is violence in movies and sex on TV But where are those Good old-fasioned values On which we used to rely?…
9,4,0904,4. Halloween on Spooner Street,3,4,5,5,Heavy — not kid-friendly,Sex & hookups — It seems today that all you see Is violence in movies and sex on TV But where are those good old-fashioned values On which we used to rely?…
9,5,0905,"5. Baby, You Knock Me Out",3,2,5,5,Heavy — not kid-friendly,Sex & hookups — It seems today that all you see Is violence in movies and sex on TV But where are those good old-fashioned values On which we used to rely?…
9,6,0906,6. Brian Writes a Bestseller,1,2,5,5,Heavy — not kid-friendly,Sex & hookups — It seems today that all you see Is violence in movies and sex on TV But where are those good old-fashioned values On which we used to rely?…
9,7,0907,7. Road to the North Pole,3,4,5,5,Heavy — not kid-friendly,"Sex & hookups — Hi. I'm Ron MacFarlane, Seth MacFarlane's father. And I'm here to tell you the story of a very special Christmas in Quahog. Kenny Rogers was supposed to be here, but I think he's dead.…"
9,8,0908,8. New Kidney in Town,3,3,3,3,Moderate — better for older kids / preteens,Sex & hookups — It seems today that all you see Is violence in movies and sex on TV But where are those good old-fashioned values On which we used to rely?…
9,9,0909,9. And I'm Joyce Kinney,3,5,4,5,Heavy — not kid-friendly,"Sex & hookups — Stewie Griffin, scientist, inventor, infant. Searching for a way to tap into the hidden strengths that all humans have. Then an accidental overdose of gamma radiation alters his body chemistry.…"
9,10,0910,10. Friends of Peter G,3,3,5,5,Heavy — not kid-friendly,Sex & hookups — It seems today that all you see Is violence in movies and sex on TV But where are those good old-fashioned values On which we used to rely?…
9,11,0911,11. German Guy,3,4,4,4,Strong — skip for little kids,Sex & hookups — It seems today that all you see Is violence in movies and sex on TV But where are those good old-fashioned values On which we used to rely?…
9,12,0912,12. The Hand That Rocks the Wheelchair,3,3,4,4,Strong — skip for little kids,Sex & hookups — It seems today that all you see Is violence in movies and sex on TV But where are those good old-fashioned values On which we used to rely?…
9,13,0913,13. Trading Places,2,4,4,4,Strong — skip for little kids,Sex & hookups — It seems today that all you see Is violence in movies and sex on TV But where are those good old-fashioned values On which we used to rely?…
9,14,0914,14. Tiegs for Two,3,3,5,5,Heavy — not kid-friendly,Sex & hookups — It seems today that all you see Is violence in movies and sex on TV But where are those good old-fashioned values On which we used to rely?…
9,15,0915,15. Brothers & Sisters,1,4,4,4,Strong — skip for little kids,Sex & hookups — It seems today that all you see Is violence in movies and sex on TV But where are those good old-fashioned values On which we used to rely?…
9,16,0916,16. The Big Bang Theory,3,3,4,4,Strong — skip for little kids,Sex & hookups — It seems today that all you see Is violence in movies and sex on TV But where are those good old-fashioned values On which we used to rely?…
9,17,0917,17. Foreign Affairs,3,3,4,4,Strong — skip for little kids,Sex & hookups — It seems today that all you see Is violence in movies and sex on TV But where are those good old-fashioned values On which we used to rely?…
9,18,0918,18. It's a Trap!,3,2,5,5,Heavy — not kid-friendly,"Sex & hookups — TV ANNOUNCER. And now, back to VH1's Salute to Singers from the'90s. Today's installment, ""Why they all needed to turn every vowel into the letter'A.…"
10,1,1001,1. Lottery Fever,3,4,3,4,Strong — skip for little kids,Sex & hookups — It seems today that all you see Is violence in movies and sex on TV But where are those good old-fashioned values On which we used to rely?…
10,2,1002,2. Seahorse Seashell Party (2),2,3,4,4,Strong — skip for little kids,Sex & hookups — It seems today that all you see Is violence in movies and sex on TV But where are those good old-fashioned values On which we used to rely?…
10,3,1003,3. Screams of Silence: The Story of Brenda Q,3,4,5,5,Heavy — not kid-friendly,Sex & hookups — It seems today that all you see Is violence in movies and sex on TV But where are those good old-fashioned values On which we used to rely?…
10,4,1004,4. Stewie Goes for a Drive,3,2,3,3,Moderate — better for older kids / preteens,Sex & hookups — It seems today that all you see Is violence in movies and sex on TV But where are those good old-fashioned values On which we used to rely?…
10,5,1005,5. Back to the Pilot,3,2,4,4,Strong — skip for little kids,Sex & hookups — It seems today that all you see Is violence in movies and sex on TV But where are those good old-fashioned values On which we used to rely?…
10,6,1006,6. Thanksgiving,3,4,3,4,Strong — skip for little kids,Sex & hookups — It seems today that all you see Is violence in movies and sex on TV But where are those good old-fashioned values On which we used to rely?…
10,7,1007,7. Amish Guy,2,3,4,4,Strong — skip for little kids,Sex & hookups — It seems today that all you see Is violence in movies and sex on TV But where are those good old-fashioned values On which we used to rely?…
10,8,1008,8. Cool Hand Peter,3,2,3,3,Moderate — better for older kids / preteens,Sex & hookups — It seems today that all you see Is violence in movies and sex on TV But where are those good old-fashioned values On which we used to rely?…
10,9,1009,9. Grumpy Old Man,3,5,4,5,Heavy — not kid-friendly,Sex & hookups — It seems today that all you see Is violence in movies and sex on TV But where are those good old-fashioned values On which we used to rely?…
10,10,1010,10. Quagmire & Meg,1,4,4,4,Strong — skip for little kids,Sex & hookups — It seems today that all you see Is violence in movies and sex on TV But where are those good old-fashioned values On which we used to rely?…
10,11,1011,11. The Blind Side,3,4,4,4,Strong — skip for little kids,Sex & hookups — It seems today that all you see Is violence in movies and sex on TV But where are those good old-fashioned values On which we used to rely?…
10,12,1012,12. Livin' on a Prayer,3,2,3,3,Moderate — better for older kids / preteens,"Sex & hookups — Ow! There's a rock right there! There's a huge rock right there, and it's covered up by grass and there's no way you can see it. And I got lucky.…"
10,13,1013,13. Tom Tucker: The Man and His Dream,2,2,3,3,Moderate — better for older kids / preteens,Sex & hookups — It seems today that all you see Is violence in movies and sex on TV But where are those good old-fashioned values On which we used to rely?…
10,14,1014,14. Be Careful What You Fish For,2,4,3,4,Strong — skip for little kids,Sex & hookups — It seems today that all you see Is violence in movies and sex on TV But where are those good old-fashioned values On which we used to rely?…
10,15,1015,15. Burning Down the Bayit,2,2,4,4,Strong — skip for little kids,Sex & hookups — It seems today that all you see Is violence in movies and sex on TV But where are those good old-fashioned values On which we used to rely?…
10,16,1016,16. Killer Queen,3,2,4,4,Strong — skip for little kids,Sex & hookups — It seems today that all you see Is violence in movies and sex on TV But where are those good old-fashioned values On which we used to rely?…
10,17,1017,17. Forget-Me-Not,3,4,3,4,Strong — skip for little kids,Sex & hookups — It seems today that all you see Is violence in movies and sex on TV But where are those good old-fashioned values On which we used to rely?…
10,18,1018,"18. You Can't Do That on Television, Peter",3,4,4,4,Strong — skip for little kids,Sex & hookups — It seems today that all you see Is violence in movies and sex on TV But where are those good old-fashioned values On which we used to rely?…
10,19,1019,19. Mr. and Mrs. Stewie,3,4,3,4,Strong — skip for little kids,Sex & hookups — It seems today that all you see Is violence in movies and sex on TV But where are those good old-fashioned values On which we used to rely?…
10,20,1020,20. Leggo My Meg-O,3,4,4,4,Strong — skip for little kids,Sex & hookups — It seems today that all you see Is violence in movies and sex on TV But where are those good old-fashioned values On which we used to rely?…
10,21,1021,21. Tea Peter,2,3,3,3,Moderate — better for older kids / preteens,Sex & hookups — It seems today that all you see Is violence in movies and sex on TV But where are those good old-fashioned values On which we used to rely?…
10,22,1022,22. Family Guy Viewer Mail (2),2,4,4,4,Strong — skip for little kids,Sex & hookups — It seems today that all you see Is violence in movies and sex on TV But where are those good old-fashioned values On which we used to rely?…
10,23,1023,23. Internal Affairs,1,4,4,4,Strong — skip for little kids,Sex & hookups — It seems today that all you see Is violence in movies and sex on TV But where are those good old-fashioned values On which we used to rely?…
11,1,1101,1. Into Fat Air,2,4,2,4,Strong — skip for little kids,Sex & hookups — It seems today that all you see Is violence in movies and sex on TV But where are those good old-fashioned values On which we used to rely?…
11,2,1102,2. Ratings Guy,3,2,5,5,Heavy — not kid-friendly,Sex & hookups — It seems today that all you see Is violence in movies and sex on TV But where are those good old-fashioned values On which we used to rely?…
11,3,1103,3. The Old Man & the Big 'C',3,4,4,4,Strong — skip for little kids,Sex & hookups — It seems today that all you see Is violence in movies and sex on TV But where are those good old-fashioned values On which we used to rely?…
11,4,1104,4. Yug Ylimaf,2,5,4,5,Heavy — not kid-friendly,Sex & hookups — It seems today that all you see Is violence in movies and sex on TV But where are those good old-fashioned values On which we used to rely?…
11,5,1105,5. Joe's Revenge,3,4,4,4,Strong — skip for little kids,Sex & hookups — It seems today that all you see Is violence in movies and sex on TV But where are those good old-fashioned values On which we used to rely?…
11,6,1106,6. Lois Comes Out of Her Shell,2,3,4,4,Strong — skip for little kids,Sex & hookups — It seems today that all you see Is violence in movies and sex on TV But where are those good old-fashioned values On which we used to rely?…
11,7,1107,7. Friends Without Benefits,1,4,3,4,Strong — skip for little kids,Sex & hookups — It seems today that all you see Is violence in movies and sex on TV But where are those good old-fashioned values On which we used to rely?…
11,8,1108,"8. Jesus, Mary & Joseph",3,4,4,4,Strong — skip for little kids,Sex & hookups — It seems today that all you see Is violence in movies and sex on TV But where are those good old-fashioned values On which we used to rely?…
11,9,1109,9. Space Cadet,3,3,3,3,Moderate — better for older kids / preteens,"Sex & hookups — It's Chris, would you like to read your personal essay? Okay, Mrs. Donovan. ""Following Mrs. Donovan"" by Chris Griffin. ""The first thing that Mrs. Donovan does ""when she gets home from school ""is put on sweatpants.…"
11,10,1110,10. Brian's Play,2,2,3,3,Moderate — better for older kids / preteens,Sex & hookups — It seems today that all you see Is violence in movies and sex on TV But where are those good old-fashioned values On which we used to rely?…
11,11,1111,11. The Giggity Wife,1,5,4,5,Heavy — not kid-friendly,Sex & hookups — It seems today that all you see Is violence in movies and sex on TV But where are those good old-fashioned values On which we used to rely?…
11,12,1112,12. Valentine's Day in Quahog,2,4,4,4,Strong — skip for little kids,"Sex & hookups — Valentine's Day: “a day of love, right in the middle of Black History Month. There are a thousand hearts in Quahog, a thousand stories. Some people don't have any stories. Others got two.…”"
11,13,1113,13. Chris Cross,1,2,4,4,Strong — skip for little kids,Sex & hookups — It seems today that all you see Is violence in movies and sex on TV But where are those good old-fashioned values On which we used to rely?…
11,14,1114,14. Call Girl,1,5,4,5,Heavy — not kid-friendly,Sex & hookups — It seems today that all you see Is violence in movies and sex on TV But where are those good old-fashioned values On which we used to rely?…
11,15,1115,15. Turban Cowboy,3,2,3,3,Moderate — better for older kids / preteens,Sex & hookups — It seems today that all you see Is violence in movies and sex on TV But where are those good old-fashioned values On which we used to rely?…
11,16,1116,16. 12 and a Half Angry Men,3,5,4,5,Heavy — not kid-friendly,Sex & hookups — It seems today that all you see Is violence in movies and sex on TV But where are those good old-fashioned values On which we used to rely?…
11,17,1117,17. Bigfat,3,4,4,4,Strong — skip for little kids,Porn / strippers — Stripper or strip-club material shows up in the plot.
11,18,1118,18. Total Recall,2,5,4,5,Heavy — not kid-friendly,"Sex & hookups — Peter, come on, it's time to wake up. You got to get to work. Uh, Lois, I ain't feeling good. Peter, what happened to your voice? It-It's so deep. I think I'm sick. Well, you don't sound like yourself.…"
11,19,1119,19. Save the Clam,3,4,4,4,Strong — skip for little kids,Sex & hookups — It seems today that all you see Is violence in movies and sex on TV But where are those good old-fashioned values On which we used to rely?…
11,20,1120,20. Farmer Guy,2,2,4,4,Strong — skip for little kids,Sex & hookups — It seems today that all you see Is violence in movies and sex on TV But where are those good old-fashioned values On which we used to rely?…
11,21,1121,21. Road to Vegas,3,2,5,5,Heavy — not kid-friendly,"Sex & hookups — Thanks for encouraging us to come to Gay Pride Day, Brian. Yeah, this seems like it'll be fun. Real fun, not ""entertain- your-wife's-parents- while-your-wife- is-at-work"" fun.…"
11,22,1122,22. No Country Club for Old Men,3,3,3,3,Moderate — better for older kids / preteens,Sex & hookups — It seems today that all you see Is violence in movies and sex on TV But where are those good old-fashioned values On which we used to rely?…
12,1,1201,1. Finders Keepers,2,4,4,4,Strong — skip for little kids,Sex & hookups — It seems today that all you see Is violence in movies and sex on TV But where are those good old-fashioned values On which we used to rely?…
12,2,1202,2. Vestigial Peter,2,4,4,4,Strong — skip for little kids,Sex & hookups — It seems today that all you see Is violence in movies and sex on TV But where are those good old-fashioned values On which we used to rely?…
12,3,1203,3. Quagmire's Quagmire,3,5,3,5,Heavy — not kid-friendly,Sex & hookups — It seems today that all you see Is violence in movies and sex on TV But where are those good old-fashioned values On which we used to rely?…
12,4,1204,4. A Fistful of Meg,3,5,4,5,Heavy — not kid-friendly,Sex & hookups — It seems today that all you see Is violence in movies and sex on TV But where are those good old-fashioned values On which we used to rely?…
12,5,1205,5. Boopa-dee Bappa-dee,2,3,3,3,Moderate — better for older kids / preteens,Sex & hookups — It seems today that all you see Is violence in movies and sex on TV But where are those good old-fashioned values On which we used to rely?…
12,6,1206,6. Life of Brian,3,2,4,4,Strong — skip for little kids,Sex & hookups — It seems today that all you see Is violence in movies and sex on TV But where are those good old-fashioned values On which we used to rely?…
12,7,1207,7. Into Harmony's Way,3,4,4,4,Strong — skip for little kids,Sex & hookups — It seems today that all you see Is violence in movies and sex on TV But where are those good old-fashioned values On which we used to rely?…
12,8,1208,8. Christmas Guy,3,4,3,4,Strong — skip for little kids,Sex & hookups — It seems today that all you see Is violence in movies and sex on TV But where are those good old-fashioned values On which we used to rely?…
12,9,1209,9. Peter Problems,1,5,3,5,Heavy — not kid-friendly,Sex & hookups — It seems today that all you see Is violence in movies and sex on TV But where are those good old-fashioned values On which we used to rely?…
12,10,1210,10. Grimm Job,3,2,3,3,Moderate — better for older kids / preteens,Sex & hookups — It seems today that all you see Is violence in movies and sex on TV But where are those good old-fashioned values On which we used to rely?…
12,11,1211,11. Brian's a Bad Father,3,3,4,4,Strong — skip for little kids,Sex & hookups — It seems today that all you see Is violence in movies and sex on TV But where are those good old-fashioned values On which we used to rely?…
12,12,1212,12. Mom's the Word,3,2,4,4,Strong — skip for little kids,Sex & hookups — It seems today that all you see Is violence in movies and sex on TV But where are those good old-fashioned values On which we used to rely?…
12,13,1213,13. 3 Acts of God,3,4,3,4,Strong — skip for little kids,Sex & hookups — It seems today that all you see Is violence in movies and sex on TV But where are those good old-fashioned values On which we used to rely?…
12,14,1214,14. Fresh Heir,3,3,3,3,Moderate — better for older kids / preteens,Sex & hookups — It seems today that all you see Is violence in movies and sex on TV But where are those good old-fashioned values On which we used to rely?…
12,15,1215,15. Secondhand Spoke,2,4,3,4,Strong — skip for little kids,Sex & hookups — It seems today that all you see Is violence in movies and sex on TV But where are those good old-fashioned values On which we used to rely?…
12,16,1216,16. Herpe the Love Sore,3,2,5,5,Heavy — not kid-friendly,Sex & hookups — It seems today that all you see Is violence in movies and sex on TV But where are those good old-fashioned values On which we used to rely?…
12,17,1217,17. The Most Interesting Man in the World,2,4,4,4,Strong — skip for little kids,Sex & hookups — It seems today that all you see Is violence in movies and sex on TV But where are those good old-fashioned values On which we used to rely?…
12,18,1218,18. Baby Got Black,3,4,3,4,Strong — skip for little kids,Sex & hookups — It seems today that all you see Is violence in movies and sex on TV But where are those good old-fashioned values On which we used to rely?…
12,19,1219,19. Meg Stinks!,3,4,4,4,Strong — skip for little kids,Sex & hookups — It seems today that all you see Is violence in movies and sex on TV But where are those good old-fashioned values On which we used to rely?…
12,20,1220,20. He's Bla-ack!,3,4,4,4,Strong — skip for little kids,"Sex & hookups — Hey guys, can I share something with you? Sure. Yeah. Go ahead. Well, you know how I don't ever brag about my sexual exploits. That would be an accurate statement, yes. Well, last night, Bonnie and I got really kinky.…"
12,21,1221,21. Chap Stewie,2,4,4,4,Strong — skip for little kids,Sex & hookups — It seems today that all you see Is violence in movies and sex on TV But where are those good old-fashioned values On which we used to rely?…
13,1,1301,1. The Simpsons Guy,3,4,3,4,Strong — skip for little kids,Sex & hookups — It seems today that all you see Is violence in movies and sex on TV But where are those good old-fashioned values On which we used to rely?…
13,2,1302,2. The Book of Joe,3,4,4,4,Strong — skip for little kids,Sex & hookups — It seems today that all you see Is violence in movies and sex on TV But where are those good old-fashioned values On which we used to rely?…
13,3,1303,3. Baking Bad,3,4,3,4,Strong — skip for little kids,Sex & hookups — It seems today that all you see Is violence in movies and sex on TV But where are those good old-fashioned values On which we used to rely?…
13,4,1304,4. Brian the Closer,2,3,5,5,Heavy — not kid-friendly,Sex & hookups — It seems today that all you see Is violence in movies and sex on TV But where are those good old-fashioned values On which we used to rely?…
13,5,1305,5. Turkey Guys,3,2,5,5,Heavy — not kid-friendly,Sex & hookups — It seems today that all you see Is violence in movies and sex on TV But where are those good old-fashioned values On which we used to rely?…
13,6,1306,6. The 2000-Year-Old Virgin,3,5,4,5,Heavy — not kid-friendly,Sex & hookups — It seems today that all you see Is violence in movies and sex on TV But where are those good old-fashioned values On which we used to rely?…
13,7,1307,"7. Stewie, Chris & Brian's Excellent Adventure",2,2,4,4,Strong — skip for little kids,Sex & hookups — It seems today that all you see Is violence in movies and sex on TV But where are those good old-fashioned values On which we used to rely?…
13,8,1308,8. Our Idiot Brian,3,2,2,3,Moderate — better for older kids / preteens,Sex & hookups — It seems today that all you see Is violence in movies and sex on TV But where are those good old-fashioned values On which we used to rely?…
13,9,1309,9. This Little Piggy,3,5,2,5,Heavy — not kid-friendly,Sex & hookups — It seems today that all you see Is violence in movies and sex on TV But where are those good old-fashioned values On which we used to rely?…
13,10,1310,10. Quagmire's Mom,3,4,3,4,Strong — skip for little kids,Sex & hookups — It seems today that all you see Is violence in movies and sex on TV But where are those good old-fashioned values On which we used to rely?…
13,11,1311,11. Encyclopedia Griffin,2,4,3,4,Strong — skip for little kids,Sex & hookups — It seems today that all you see Is violence in movies and sex on TV But where are those good old-fashioned values On which we used to rely?…
13,12,1312,12. Stewie Is Enceinte,2,4,5,5,Heavy — not kid-friendly,Sex & hookups — It seems today that all you see Is violence in movies and sex on TV But where are those good old-fashioned values On which we used to rely?…
13,13,1313,13. Dr. C and the Women,2,4,4,4,Strong — skip for little kids,Sex & hookups — * It seems today that all you see * * Is violence in movies and sex on TV * * But where are those good old-fashioned values * * On which we used to rely?…
13,14,1314,14. #JOLO,3,2,3,3,Moderate — better for older kids / preteens,Sex & hookups — It seems today that all you see Is violence in movies and sex on TV But where are those good old-fashioned values On which we used to rely?…
13,15,1315,15. Once Bitten,2,3,4,4,Strong — skip for little kids,Sex & hookups — It seems today that all you see Is violence in movies and sex on TV But where are those good old-fashioned values On which we used to rely?…
13,16,1316,16. Roasted Guy,3,4,5,5,Heavy — not kid-friendly,Sex & hookups — It seems today that all you see Is violence in movies and sex on TV But where are those good old-fashioned values On which we used to rely?…
13,17,1317,17. Fighting Irish,3,4,5,5,Heavy — not kid-friendly,Sex & hookups — * It seems today that all you see * * Is violence in movies and sex on TV * * But where are those good old-fashioned values * * On which we used to rely?…
13,18,1318,18. Take My Wife,2,3,4,4,Strong — skip for little kids,Sex & hookups — It seems today that all you see Is violence in movies and sex on TV But where are those good old-fashioned values On which we used to rely?…
14,1,1401,1. Pilling Them Softly,2,2,3,3,Moderate — better for older kids / preteens,Sex & hookups — It seems today that all you see Is violence in movies and sex on TV But where are those good old-fashioned values On which we used to rely?…
14,2,1402,2. Papa Has a Rollin' Son,2,3,4,4,Strong — skip for little kids,Sex & hookups — It seems today that all you see Is violence in movies and sex on TV But where are those good old-fashioned values On which we used to rely?…
14,3,1403,"3. Guy, Robot",1,4,3,4,Strong — skip for little kids,Sex & hookups — It seems today that all you see Is violence in movies and sex on TV But where are those good old-fashioned values On which we used to rely?…
14,4,1404,4. Peternormal Activity,3,3,4,4,Strong — skip for little kids,Sex & hookups — It seems today that all you see Is violence in movies and sex on TV But where are those good old-fashioned values On which we used to rely?…
14,5,1405,"5. Peter, Chris, & Brian",1,4,3,4,Strong — skip for little kids,Sex & hookups — It seems today that all you see Is violence in movies and sex on TV But where are those good old-fashioned values On which we used to rely?…
14,6,1406,6. Peter's Sister,3,2,4,4,Strong — skip for little kids,Sex & hookups — It seems today that all you see Is violence in movies and sex on TV But where are those good old-fashioned values On which we used to rely?…
14,7,1407,7. Hot Pocket-Dial,3,3,3,3,Moderate — better for older kids / preteens,Sex & hookups — It seems today that all you see Is violence in movies and sex on TV But where are those good old-fashioned values On which we used to rely?…
14,8,1408,8. Brokeback Swanson,3,4,4,4,Strong — skip for little kids,Sex & hookups — It seems today that all you see Is violence in movies and sex on TV But where are those good old-fashioned values On which we used to rely?…
14,9,1409,9. A Shot in the Dark,3,3,3,3,Moderate — better for older kids / preteens,Sex & hookups — It seems today that all you see Is violence in movies and sex on TV But where are those good old-fashioned values On which we used to rely?…
14,10,1410,"10. Candy, Quahog Marshmallow",3,2,2,3,Moderate — better for older kids / preteens,Sex & hookups — It seems today that all you see Is violence in movies and sex on TV But where are those good old-fashioned values On which we used to rely?…
14,11,1411,11. The Peanut Butter Kid,3,4,4,4,Strong — skip for little kids,Sex & hookups — It seems today that all you see Is violence in movies and sex on TV But where are those good old-fashioned values On which we used to rely?…
14,12,1412,12. Scammed Yankees,3,3,4,4,Strong — skip for little kids,Sex & hookups — It seems today that all you see Is violence in movies and sex on TV But where are those good old-fashioned values On which we used to rely?…
14,13,1413,13. An App a Day,2,5,2,5,Heavy — not kid-friendly,Sex & hookups — 1 It seems today that all you see Is violence in movies and sex on TV But where are those good old-fashioned values On which we used to rely?…
14,14,1414,14. Underage Peter,3,4,4,4,Strong — skip for little kids,Sex & hookups — 1 It seems today that all you see Is violence in movies and sex on TV But where are those good old-fashioned values On which we used to rely?…
14,15,1415,15. A Lot Going on Upstairs,3,3,4,4,Strong — skip for little kids,"Sex & hookups — 1 (groaning softly) Okay, who'd like to start us off with show-and-tell? Stewie? Yes, today I brought in my mother's driver's license. Now, if you look closely, she's clearly drunk.…"
14,16,1416,16. The Heartbreak Dog,2,4,4,4,Strong — skip for little kids,Sex & hookups — 1 It seems today that all you see Is violence in movies and sex on TV But where are those good old-fashioned values On which we used to rely?…
14,17,1417,17. Take a Letter,3,2,3,3,Moderate — better for older kids / preteens,Sex & hookups — 1 It seems today that all you see Is violence in movies and sex on TV But where are those good old-fashioned values On which we used to rely?…
14,18,1418,18. The New Adventures of Old Tom,2,4,4,4,Strong — skip for little kids,Sex & hookups — 1 It seems today that all you see Is violence in movies and sex on TV But where are those good old-fashioned values On which we used to rely?…
14,19,1419,"19. Run, Chris, Run",3,4,3,4,Strong — skip for little kids,Sex & hookups — 1 It seems today that all you see Is violence in movies and sex on TV But where are those good old-fashioned values On which we used to rely?…
14,20,1420,20. Road to India,3,1,2,3,Moderate — better for older kids / preteens,Swearing — 1 Family Guy 14x20 Road to India (instrumental Indian-style version of theme song playing) @elderman What are you doing over there? I'm on hold with tech support.…
15,1,1501,1. The Boys in the Band,2,3,3,3,Moderate — better for older kids / preteens,Sex & hookups — 1 It seems today that all you see Is violence in movies and sex on TV But where are those good old-fashioned values On which we used to rely?…
15,2,1502,2. Bookie of the Year,1,3,4,4,Strong — skip for little kids,Sex & hookups — 1 It seems today that all you see Is violence in movies and sex on TV But where are those good old-fashioned values On which we used to rely?…
15,3,1503,3. American Gigg-olo,3,5,4,5,Heavy — not kid-friendly,Sex & hookups — 1 It seems today that all you see Is violence in movies and sex on TV But where are those good old-fashioned values On which we used to rely?…
15,4,1504,4. Inside Family Guy,3,4,3,4,Strong — skip for little kids,"Sex & hookups — 1 TV ANNOUNCER: We now return to Doctor Who Farted. (PEOPLE SCREAMING) Doctor, the alien attack has begun! We've got to return to the 21st century! Uh we can't go into the time machine right now.…"
15,5,1505,"5. Chris Has Got a Date, Date, Date, Date, Date",2,2,3,3,Moderate — better for older kids / preteens,Sex & hookups — 1 It seems today that all you see Is violence in movies and sex on TV But where are those good old-fashioned values On which we used to rely?…
15,6,1506,6. Hot Shots,3,4,3,4,Strong — skip for little kids,Sex & hookups — 1 It seems today that all you see Is violence in movies and sex on TV But where are those good old-fashioned values On which we used to rely?…
15,7,1507,7. High School English,3,3,3,3,Moderate — better for older kids / preteens,Sex & hookups — 1 It seems today that all you see Is violence in movies and sex on TV But where are those good old-fashioned values On which we used to rely?…
15,8,1508,8. Carter and Tricia,1,4,4,4,Strong — skip for little kids,Sex & hookups — 1 It seems today that all you see Is violence in movies and sex on TV But where are those good old-fashioned values On which we used to rely?…
15,9,1509,9. How the Griffin Stole Christmas,2,4,4,4,Strong — skip for little kids,Sex & hookups — 1 It seems today that all you see Is violence in movies and sex on TV But where are those good old-fashioned values On which we used to rely?…
15,10,1510,10. Passenger Fatty-Seven,3,2,3,3,Moderate — better for older kids / preteens,Sex & hookups — 1 It seems today that all you see Is violence in movies and sex on TV But where are those good old-fashioned values On which we used to rely?…
15,11,1511,11. Gronkowsbees,1,4,5,5,Heavy — not kid-friendly,Sex & hookups — 1 It seems today that all you see Is violence in movies and sex on TV But where are those good old-fashioned values On which we used to rely?…
15,12,1512,12. Peter's Def Jam,3,4,5,5,Heavy — not kid-friendly,Sex & hookups — 1 It seems today that all you see Is violence in movies and sex on TV But where are those good old-fashioned values On which we used to rely?…
15,13,1513,13. The Finer Strings,2,4,4,4,Strong — skip for little kids,Sex & hookups — 1 It seems today that all you see Is violence in movies and sex on TV But where are those good old-fashioned values On which we used to rely?…
15,14,1514,14. The Dating Game,2,5,3,5,Heavy — not kid-friendly,Sex & hookups — 1 It seems today that all you see Is violence in movies and sex on TV But where are those good old-fashioned values On which we used to rely?…
15,15,1515,15. Cop and a Half-wit,3,4,4,4,Strong — skip for little kids,Sex & hookups — 1 It seems today that all you see Is violence in movies and sex on TV But where are those good old-fashioned values On which we used to rely?…
15,16,1516,16. Saturated Fat Guy,3,3,4,4,Strong — skip for little kids,Sex & hookups — 1 It seems today that all you see Is violence in movies and sex on TV But where are those good old-fashioned values On which we used to rely?…
15,17,1517,17. Peter's Lost Youth,1,3,4,4,Strong — skip for little kids,Sex & hookups — 1 It seems today that all you see Is violence in movies and sex on TV But where are those good old-fashioned values On which we used to rely?…
15,18,1518,18. The Peter Principal,2,4,4,4,Strong — skip for little kids,Sex & hookups — 1 It seems today that all you see Is violence in movies and sex on TV But where are those good old-fashioned values On which we used to rely?…
15,19,1519,19. Dearly Deported,1,3,3,3,Moderate — better for older kids / preteens,Sex & hookups — 1 It seems today that all you see Is violence in movies and sex on TV But where are those good old-fashioned values On which we used to rely?…
15,20,1520,20. A House Full of Peters,2,3,4,4,Strong — skip for little kids,Sex & hookups — 1 It seems today that all you see Is violence in movies and sex on TV But where are those good old-fashioned values On which we used to rely?…
16,1,1601,1. Emmy-Winning Episode,3,4,3,4,Strong — skip for little kids,Sex & hookups — 1 It seems today that all you see Is violence in movies and sex on TV But where are those good old-fashioned values On which we used to rely?…
16,2,1602,2. Foxx in the Men House,3,2,5,5,Heavy — not kid-friendly,Sex & hookups — 1 It seems today that all you see Is violence in movies and sex on TV But where are those good old-fashioned values On which we used to rely?…
16,3,1603,3. Nanny Goats,3,4,2,4,Strong — skip for little kids,Sex & hookups — 1 It seems today that all you see Is violence in movies and sex on TV But where are those good old-fashioned values On which we used to rely?…
16,4,1604,4. Follow the Money,2,2,4,4,Strong — skip for little kids,"Sex & hookups — 1 CARTER: ""And so, for your birthday, Chris, I'm giving you this dollar bill. Don't spend it all in one place. Ha, ha, ha, ha, ha, ha, ha, ha, ha, ha, ha, ha, ha, ha, ha, ha, ha, arrow.…"
16,5,1605,5. Three Directors,2,2,2,2,Mild — okay for many kids with a parent,Sex & hookups — 1 It seems today that all you see Is violence in movies and sex on TV But where are those good old-fashioned values On which we used to rely?…
16,6,1606,6. The D in Apartment 23,2,3,4,4,Strong — skip for little kids,Sex & hookups — 1 It seems today that all you see Is violence in movies and sex on TV But where are those good old-fashioned values On which we used to rely?…
16,7,1607,7. Petey IV,3,4,4,4,Strong — skip for little kids,Sex & hookups — 1 It seems today that all you see Is violence in movies and sex on TV But where are those good old-fashioned values On which we used to rely?…
16,8,1608,8. Crimes and Meg's Demeanor,3,2,3,3,Moderate — better for older kids / preteens,Sex & hookups — 1 It seems today that all you see Is violence in movies and sex on TV But where are those good old-fashioned values On which we used to rely?…
16,9,1609,9. Don't Be a Dickens at Christmas,2,4,1,4,Strong — skip for little kids,Sex & hookups — 1 It seems today that all you see Is violence in movies and sex on TV But where are those good old-fashioned values On which we used to rely?…
16,10,1610,10. Boy (Dog) Meets Girl (Dog),3,3,3,3,Moderate — better for older kids / preteens,Sex & hookups — 1 It seems today that all you see Is violence in movies and sex on TV But where are those good old-fashioned values On which we used to rely?…
16,11,1611,11. Dog Bites Bear,3,2,4,4,Strong — skip for little kids,Sex & hookups — 1 It seems today that all you see Is violence in movies and sex on TV But where are those good old-fashioned values On which we used to rely?…
16,12,1612,"12. Send in Stewie, Please",2,2,4,4,Strong — skip for little kids,Sex & hookups — 1 It seems today that all you see Is violence in movies and sex on TV But where are those good old-fashioned values On which we used to rely?…
16,13,1613,13. V Is For Mystery,3,4,2,4,Strong — skip for little kids,"Sex & hookups — 1 (BELL TOLLING) (HORSE NEIGHING) Lovely day for a walk, eh, Holmes? Yes, just look at our great city, bustling with activity. Even the chimney sweeps are hard at work. JEFFREY: It's all dirty in here. I don't care.…"
16,14,1614,14. Veteran Guy,3,3,3,3,Moderate — better for older kids / preteens,Sex & hookups — 1 It seems today that all you see Is violence in movies and sex on TV But where are those good old-fashioned values On which we used to rely?…
16,15,1615,15. The Woof of Wall Street,3,3,4,4,Strong — skip for little kids,Sex & hookups — 1 It seems today that all you see Is violence in movies and sex on TV But where are those good old-fashioned values On which we used to rely?…
16,16,1616,16. Family Guy' Through the Years,3,4,2,4,Strong — skip for little kids,Sex & hookups — 1 It seems today that all you see Is violence in movies and sex on TV But where are those good old-fashioned values On which we used to rely?…
16,17,1617,17. Switch the Flip,2,4,4,4,Strong — skip for little kids,Sex & hookups — 1 It seems today that all you see Is violence in movies and sex on TV But where are those good old-fashioned values On which we used to rely?…
16,18,1618,18. HTTPete,2,4,3,4,Strong — skip for little kids,Sex & hookups — 1 It seems today that all you see Is violence in movies and sex on TV But where are those good old-fashioned values On which we used to rely?…
16,19,1619,19. The Unkindest Cut,3,5,4,5,Heavy — not kid-friendly,Sex & hookups — 1 It seems today that all you see Is violence in movies and sex on TV But where are those good old-fashioned values On which we used to rely?…
16,20,1620,"20. Are You There God? It's Me, Peter",3,4,3,4,Strong — skip for little kids,Sex & hookups — 1 It seems today that all you see Is violence in movies and sex on T. V. But where are those good old-fashioned values On which we used to rely?…
17,1,1701,1. Married... With Cancer,2,4,3,4,Strong — skip for little kids,Sex & hookups — 1 It seems today that all you see Is violence in movies and sex on TV But where are those good old-fashioned values On which we used to rely?…
17,2,1702,2. Dead Dog Walking,3,4,4,4,Strong — skip for little kids,Sex & hookups — 1 It seems today that all you see Is violence in movies and sex on TV But where are those good old-fashioned values On which we used to rely?…
17,3,1703,3. Pal Stewie,3,2,3,3,Moderate — better for older kids / preteens,Sex & hookups — 1 It seems today that all you see Is violence in movies and sex on TV But where are those good old-fashioned values On which we used to rely?…
17,4,1704,4. Big Trouble in Little Quahog,2,2,3,3,Moderate — better for older kids / preteens,Sex & hookups — 1 It seems today that all you see Is violence in movies and sex on TV But where are those good old-fashioned values On which we used to rely?…
17,5,1705,5. Regarding Carter,3,3,3,3,Moderate — better for older kids / preteens,Sex & hookups — 1 It seems today that all you see Is violence in movies and sex on TV But where are those good old-fashioned values On which we used to rely?…
17,6,1706,6. Stand by Meg,2,3,3,3,Moderate — better for older kids / preteens,Sex & hookups — 1 It seems today that all you see Is violence in movies and sex on TV But where are those good old-fashioned values On which we used to rely?…
17,7,1707,7. The Griffin Winter Games,3,2,2,3,Moderate — better for older kids / preteens,Sex & hookups — 1 It seems today that all you see Is violence in movies and sex on TV But where are those good old-fashioned values On which we used to rely?…
17,8,1708,8. Con Heiress,3,2,4,4,Strong — skip for little kids,Sex & hookups — 1 It seems today that all you see Is violence in movies and sex on TV But where are those good old-fashioned values On which we used to rely?…
17,9,1709,9. Pawtucket Pete,2,2,3,3,Moderate — better for older kids / preteens,"Sex & hookups — 1 (CLEARS THROAT) Webster's defines ""class"" as ""a group of students gathered at a pre-ordained time for the purposes of education. "" Angela pretty much epitomized class.…"
17,10,1710,10. Hefty Shades of Gray,3,5,3,5,Heavy — not kid-friendly,Sex & hookups — 1 It seems today that all you see Is violence in movies and sex on TV But where are those good old-fashioned values On which we used to rely?…
17,11,1711,11. Trump Guy,3,4,3,4,Strong — skip for little kids,Sex & hookups — 1 It seems today that all you see Is violence in movies and sex on TV But where are those good old-fashioned values On which we used to rely?…
17,12,1712,"12. Bri, Robot",2,3,3,3,Moderate — better for older kids / preteens,Sex & hookups — 1 It seems today that all you see Is violence in movies and sex on TV But where are those good old-fashioned values On which we used to rely?…
17,13,1713,13. Trans-Fat,2,2,4,4,Strong — skip for little kids,Sex & hookups — 1 It seems today that all you see Is violence in movies and sex on TV But where are those good old-fashioned values On which we used to rely?…
17,14,1714,14. Family Guy Lite,3,5,2,5,Heavy — not kid-friendly,Sex & hookups — 1 It seems today that all you see Is violence in movies and sex on TV But where are those good old-fashioned values On which we used to rely?…
17,15,1715,"15. No Giggity, No Doubt",2,2,3,3,Moderate — better for older kids / preteens,Sex & hookups — 1 It seems today that all you see Is violence in movies and sex on TV But where are those good old-fashioned values On which we used to rely?…
17,16,1716,16. You Can't Handle the Booth,2,3,4,4,Strong — skip for little kids,"Sex & hookups — 1 It's pretty cool we got our own mural, huh? Eh, don't get too excited. You know who else has one? - The Ox-Bow Incident. - What is that?…"
17,17,1717,17. Island Adventure,2,3,3,3,Moderate — better for older kids / preteens,Sex & hookups — 1 It seems today that all you see Is violence in movies and sex on TV But where are those good old-fashioned values On which we used to rely?…
17,18,1718,18. Throw It Away,2,2,2,2,Mild — okay for many kids with a parent,Sex & hookups — 1 It seems today that all you see Is violence in movies and sex on TV But where are those good old-fashioned values On which we used to rely?…
17,19,1719,"19. Girl, Internetted",2,2,1,2,Mild — okay for many kids with a parent,Sex & hookups — 1 It seems today that all you see Is violence in movies and sex on TV But where are those good old-fashioned values On which we used to rely?…
17,20,1720,20. Adam West High,3,4,3,4,Strong — skip for little kids,Sex & hookups — 1 It seems today that all you see Is violence in movies and sex on TV But where are those good old-fashioned values On which we used to rely?…
18,1,1801,1. Yacht Rocky,3,2,3,3,Moderate — better for older kids / preteens,Sex & hookups — 1 It seems today that all you see Is violence in movies and sex on TV But where are those good old-fashioned values On which we used to rely?…
18,2,1802,2. Bri-Da,3,4,2,4,Strong — skip for little kids,Sex & hookups — 1 It seems today that all you see Is violence in movies and sex on TV But where are those good old-fashioned values On which we used to rely?…
18,3,1803,3. Absolutely Babulous,1,3,4,4,Strong — skip for little kids,Sex & hookups — 1 It seems today that all you see Is violence in movies and sex on TV But where are those good old-fashioned values On which we used to rely?…
18,4,1804,4. Disney's The Reboot,2,4,3,4,Strong — skip for little kids,Sex & hookups — 1 It seems today that all you see Is violence in movies and sex on TV But where are those good old-fashioned values On which we used to rely?…
18,5,1805,5. Cat Fight,2,2,3,3,Moderate — better for older kids / preteens,Sex & hookups — 1 It seems today that all you see Is violence in movies and sex on TV But where are those good old-fashioned values On which we used to rely?…
18,6,1806,6. Peter & Lois' Wedding,3,4,2,4,Strong — skip for little kids,Sex & hookups — 1 It seems today that all you see Is violence in movies and sex on TV But where are those good old-fashioned values On which we used to rely?…
18,7,1807,7. Heart Burn,3,4,2,4,Strong — skip for little kids,Sex & hookups — 1 It seems today that all you see Is violence in movies and sex on TV But where are those good old-fashioned values On which we used to rely?…
18,8,1808,8. Shanksgiving,3,3,3,3,Moderate — better for older kids / preteens,Sex & hookups — 1 It seems today that all you see Is violence in movies and sex on TV But where are those good old-fashioned values On which we used to rely?…
18,9,1809,9. Christmas is Coming,3,3,2,3,Moderate — better for older kids / preteens,Sex & hookups — 1 It seems today that all you see Is violence in movies and sex on TV But where are those good old-fashioned values On which we used to rely?…
18,10,1810,10. Connie's Celica,3,4,3,4,Strong — skip for little kids,Sex & hookups — 1 It seems today that all you see Is violence in movies and sex on TV But where are those good old-fashioned values On which we used to rely?…
18,11,1811,11. Short Cuts,2,5,3,5,Heavy — not kid-friendly,Sex & hookups — 1 It seems today that all you see Is violence in movies and sex on TV But where are those good old-fashioned values On which we used to rely?…
18,12,1812,12. Undergrounded,3,4,3,4,Strong — skip for little kids,Sex & hookups — 1 It seems today that all you see Is violence in movies and sex on TV But where are those good old-fashioned values On which we used to rely?…
18,13,1813,13. Rich Old Stewie,3,4,3,4,Strong — skip for little kids,Sex & hookups — 1 It seems today that all you see Is violence in movies and sex on TV But where are those good old-fashioned values On which we used to rely?…
18,14,1814,14. The Movement,2,3,2,3,Moderate — better for older kids / preteens,Sex & hookups — I call them prostitutes And that's a wrap for Tom Senior.
18,15,1815,15. Baby Stewie,1,4,4,4,Strong — skip for little kids,Sex & hookups — It seems today that all you see Is violence in movies and sex on TV But where are those good old-fashioned values On which we used to rely?…
18,16,1816,16. Start Me Up,3,4,3,4,Strong — skip for little kids,Sex & hookups — 'Cause I use office petty cash to have sex with high-end escorts? No. But your perspiration has become a serious problem.
18,17,1817,17. Coma Guy,3,2,3,3,Moderate — better for older kids / preteens,Sex & hookups — It seems today that all you see Is violence in movies and sex on TV But where are those good old-fashioned values On which we used to rely?…
18,18,1818,18. Better Off Meg,3,2,2,3,Moderate — better for older kids / preteens,Sex & hookups — It seems today that all you see Is violence in movies and sex on TV But where are those good old-fashioned values On which we used to rely?…
18,19,1819,19. Holly Bibble,2,4,5,5,Heavy — not kid-friendly,"Sex & hookups — ""Must dial nine to reach outside prostitute."
18,20,1820,20. Movin' In (Principal Shepherd's Song),2,4,3,4,Strong — skip for little kids,Sex & hookups — It seems today that all you see Is violence in movies and sex on TV But where are those good old-fashioned values On which we used to rely?…
19,1,1901,1. Stewie's First Word,3,2,3,3,Moderate — better for older kids / preteens,Sex & hookups — It seems today that all you see Is violence in movies and sex on TV But where are those good old-fashioned values On which we used to rely?…
19,2,1902,2. The Talented Mr. Stewie,2,4,2,4,Strong — skip for little kids,Sex & hookups — He's a male prostitute.
19,3,1903,3. Boys & Squirrels,3,4,4,4,Strong — skip for little kids,Sex & hookups — It seems today that all you see Is violence in movies and sex on TV But where are those good old-fashioned values On which we used to rely?…
19,4,1904,4. CutawayLand,2,4,4,4,Strong — skip for little kids,Sex & hookups — It seems today that all you see Is violence in movies and sex on TV But where are those good old-fashioned values On which we used to rely?…
19,5,1905,5. La Famiglia Guy,3,4,3,4,Strong — skip for little kids,"Sex & hookups — Uh, for the kids, we've got games and also a party princess dressed as Elsa who's clearly a prostitute, but please don't proposition her here, just nod in her direction, trust me, she'll get it."
19,6,1906,6. Meg's Wedding,2,3,3,3,Moderate — better for older kids / preteens,Sex & hookups — You're gonna have sex? I'm talking about our suicide pact.
19,7,1907,7. Wild Wild West,2,3,2,3,Moderate — better for older kids / preteens,Sex & hookups — It seems today that all you see Is violence in movies and sex on TV But where are those good old-fashioned values On which we used to rely?…
19,8,1908,8. Pawtucket Pat,2,4,3,4,Strong — skip for little kids,"Sex & hookups — As your empress, my legacy shall be expanding Russia's borders, growing her armies, building palaces that will be admired for centuries We heard you had sex with a horse!…"
19,9,1909,9. The First No L,2,2,3,3,Moderate — better for older kids / preteens,Sex & hookups — It seems today that all you see Is violence in movies and sex on TV But where are those good old-fashioned values On which we used to rely?…
19,10,1910,10. Fecal Matters,3,2,4,4,Strong — skip for little kids,Sex & hookups — It seems today that all you see Is violence in movies and sex on TV But where are those good old-fashioned values On which we used to rely?…
19,11,1911,11. Boy's Best Friend,3,3,3,3,Moderate — better for older kids / preteens,"Sex & hookups — Oh, cool, and a jukebox! Yeah, but since the songs are from the '50s they're all about men in their 40s wanting to have sex with teenagers."
19,12,1912,12. And Then There's Fraud,1,3,2,3,Moderate — better for older kids / preteens,Sex & hookups — It seems today that all you see Is violence in movies and sex on TV But where are those good old-fashioned values On which we used to rely?…
19,13,1913,13. PeTerminator,3,2,3,3,Moderate — better for older kids / preteens,"Sex & hookups — Brian, we have to kiss."
19,14,1914,14. The Marrying Kind,2,4,2,4,Strong — skip for little kids,"Sex & hookups — What's Kate up to this week? Losing weight with Toby maybe? Why you not have sex with me? No, I know. I totally want to."
19,15,1915,15. Customer of the Week,2,4,2,4,Strong — skip for little kids,Sex & hookups — It seems today that all you see Is violence in movies and sex on TV But where are those good old-fashioned values On which we used to rely?…
19,16,1916,16. Who's Brian Now?,1,3,3,3,Moderate — better for older kids / preteens,Sex & hookups — I feel like I'm sleeping with Mo'Nique.
19,17,1917,17. Young Parent Trap,2,2,2,2,Mild — okay for many kids with a parent,Sex & hookups — Chris had sex with that.
19,18,1918,18. Meg Goes to College,2,2,3,3,Moderate — better for older kids / preteens,Sex & hookups — He didn't mean you have to sleep with him.
19,19,1919,19. Family Cat,2,4,3,4,Strong — skip for little kids,Sex & hookups — It seems today that all you see Is violence in movies and sex on TV But where are those good old-fashioned values On which we used to rely?…
19,20,1920,20. Tales of Former Sports Glory,3,4,3,4,Strong — skip for little kids,Sex & hookups — It seems today that all you see Is violence in movies and sex on TV But where are those good old-fashioned values On which we used to rely?…
20,1,2001,1. LASIK Instinct,1,3,3,3,Moderate — better for older kids / preteens,Sex & hookups — It seems today that all you see Is violence in movies and sex on TV But where are those good old-fashioned values On which we used to rely?…
20,2,2002,2. Rock Hard,2,4,4,4,Strong — skip for little kids,"Sex & hookups — So, how'd you like to have sex with my kite-sized woman weave? Mm, it'll mesh perfectly with my giant nest of tight ringlets."
20,3,2003,3. Must Love Dogs,2,4,3,4,Strong — skip for little kids,Sex & hookups — It seems today that all you see Is violence in movies and sex on TV But where are those good old-fashioned values On which we used to rely?…
20,4,2004,4. 80's Guy,2,3,2,3,Moderate — better for older kids / preteens,"Sex & hookups — Awesome! How do you dial a phone or have sex? Or stand up without using your hands? Let me tell you something, Brian (WIND WHISTLES) Oh, no! You said it, relatively-short-first-grader."
20,5,2005,5. Brief Encounter,3,4,3,4,Strong — skip for little kids,"Sex & hookups — You constantly want to sleep with my wife, who is an angel."
20,6,2006,6. Cootie & The Blowhard,3,4,3,4,Strong — skip for little kids,"Sex & hookups — You know, I hear he can't even bury a bone these days without Viagra."
20,7,2007,7. Peterschmidt Manor,3,4,3,4,Strong — skip for little kids,"Sex & hookups — Threesome? (GASPS) Excuse me? Uh, not with me! With me? Before we begin our service, I'd like to remind everyone that I became a priest after my divorce, so yes, I have had intercourse."
20,8,2008,8. The Birthday Bootlegger,1,2,3,3,Moderate — better for older kids / preteens,Sex & hookups — It seems today that all you see Is violence in movies and sex on TV But where are those good old-fashioned values On which we used to rely?…
20,9,2009,9. The Fatman Always Rings Twice,3,1,3,3,Moderate — better for older kids / preteens,"Sex & hookups — Oh, just shut up and kiss me."
20,10,2010,10. Christmas Crime,2,4,4,4,Strong — skip for little kids,"Sex & hookups — The printing of the restricted times was also faded, and as to the investigation? Whoever took that nativity scene best sleep with one eye open, 'cause I'm on your trail."
20,11,2011,11. Mister Act,3,2,3,3,Moderate — better for older kids / preteens,"Sex & hookups — You can sleep with Mommy in the big bed tonight, okay? The big bed? Well, Rupert, don't wait up, 'cause I'm gonna be Father, can I talk to you for a minute? Peter, come in.…"
20,12,2012,12. The Lois Quagmire,2,3,2,3,Moderate — better for older kids / preteens,"Sex & hookups — Yeah, I know he's gonna try and sleep with me, but I'm a big girl, and I can handle Quagmire."
20,13,2013,13. Lawyer Guy,2,4,4,4,Strong — skip for little kids,Sex & hookups — It seems today that all you see Is violence in movies and sex on TV But where are those good old-fashioned values On which we used to rely?…
20,14,2014,14. HBO-No,2,3,2,3,Moderate — better for older kids / preteens,Sex & hookups — It seems today that all you see Is violence in movies and sex on TV But where are those good old-fashioned values On which we used to rely?…
20,15,2015,15. Hard Boiled Meg,3,4,4,4,Strong — skip for little kids,Sex & hookups — There's a condom in the pocket.
20,16,2016,16. Prescription Heroine,1,3,3,3,Moderate — better for older kids / preteens,Sex & hookups — It seems today that all you see Is violence in movies and sex on TV But where are those good old-fashioned values On which we used to rely?…
20,17,2017,17. All About Alana,2,2,2,2,Mild — okay for many kids with a parent,Sex & hookups — It seems today that all you see ♪ Is violence in movies and sex on TV ♪ But where are those good old-fashioned values ♪ On which we used to rely?…
20,18,2018,"18. Girlfriend, Eh?",2,4,2,4,Strong — skip for little kids,Sex & hookups — It seems today that all you see ♪ Is violence in movies and sex on TV ♪ But where are those good old-fashioned values ♪ On which we used to rely?…
20,19,2019,19. First Blood,2,4,3,4,Strong — skip for little kids,Sex & hookups — It seems today that all you see ♪ Is violence in movies and sex on TV ♪ But where are those good old-fashioned values ♪ On which we used to rely?…
20,20,2020,20. Jersey Bore,3,4,3,4,Strong — skip for little kids,Sex & hookups — It seems today that all you see ♪ Is violence in movies and sex on TV ♪ But where are those good old-fashioned values ♪ On which we used to rely?…
21,1,2101,1. Oscars Guy,3,3,3,3,Moderate — better for older kids / preteens,Sex & hookups — and I want to have sex with you.
21,2,2102,2. Bend or Blockbuster,3,4,3,4,Strong — skip for little kids,"Sex & hookups — Very tall prostitute, yes."
21,3,2103,3. A Wife-Changing Experience,2,4,2,4,Strong — skip for little kids,Sex & hookups — Is violence in movies and sex on TV ♪
21,4,2104,4. The Munchurian Candidate,2,4,4,4,Strong — skip for little kids,Sex & hookups — Is violence in movies and sex on TV ♪
21,5,2105,5. Unzipped Code,1,3,3,3,Moderate — better for older kids / preteens,Sex & hookups — Is violence in movies and sex on TV ♪
21,6,2106,6. Happy Holo-ween,2,4,2,4,Strong — skip for little kids,Sex & hookups — Is violence in movies and sex on TV ♪
21,7,2107,7. The Stewaway,2,3,3,3,Moderate — better for older kids / preteens,Sex & hookups — in my horny plans.
21,8,2108,8. Get Stewie,3,4,2,4,Strong — skip for little kids,Sex & hookups — Is violence in movies and sex on TV ♪
21,9,2109,9. Carny Knowledge,2,4,4,4,Strong — skip for little kids,Sex & hookups — Is violence in movies and sex on TV ♪
21,10,2110,10. The Candidate,2,4,3,4,Strong — skip for little kids,Sex & hookups — Is violence in movies and sex on TV ♪
21,11,2111,11. Love Story Guy,1,4,3,4,Strong — skip for little kids,Sex & hookups — and we probably had sex on set
21,12,2112,12. Old West,3,3,4,4,Strong — skip for little kids,"Sex & hookups — the jean shorts say you're impotent,"
21,13,2113,13. Single White Dad,2,3,4,4,Strong — skip for little kids,Sex & hookups — Is violence in movies and sex on TV ♪
21,14,2114,14. White Meg Can't Jump,2,4,3,4,Strong — skip for little kids,Sex & hookups — Is violence in movies and sex on TV ♪
21,15,2115,15. Adoptation,2,2,4,4,Strong — skip for little kids,Sex & hookups — Is violence in movies and sex on TV ♪
21,16,2116,16. The Bird Reich,3,4,3,4,Strong — skip for little kids,Sex & hookups — Is violence in movies and sex on TV ♪
21,17,2117,17. A Bottle Episode,1,4,3,4,Strong — skip for little kids,"Sex & hookups — Yeah, that or a threesome, yeah."
21,18,2118,18. Vat Man and Rob 'Em,2,3,3,3,Moderate — better for older kids / preteens,Sex & hookups — Is violence in movies and sex on TV ♪
21,19,2119,19. From Russia With Love,3,3,3,3,Moderate — better for older kids / preteens,Sex & hookups — Is violence in movies and sex on TV ♪
21,20,2120,20. Adult Education,2,5,2,5,Heavy — not kid-friendly,Sex & hookups — Is violence in movies and sex on TV ♪
22,1,2201,1. Fertilized Megg,2,3,2,3,Moderate — better for older kids / preteens,Sex & hookups — Is violence in movies and sex on TV ♪
22,2,2202,2. Supermarket Pete,3,2,3,3,Moderate — better for older kids / preteens,Sex & hookups — Is violence in movies and sex on TV ♪
22,3,2203,3. A Stache From the Past,2,2,3,3,Moderate — better for older kids / preteens,Sex & hookups — Is violence in movies and sex on TV ♪
22,4,2204,4. Old World Harm,3,4,3,4,Strong — skip for little kids,Sex & hookups — Is violence in movies and sex on TV ♪
22,5,2205,"5. Baby, It's Cold Inside",2,3,4,4,Strong — skip for little kids,Sex & hookups — I'm horny. Hornier than
22,6,2206,6. Boston Stewie,2,2,4,4,Strong — skip for little kids,"Sex & hookups — Uh, flat, dry condom in"
22,7,2207,7. Snap(ple) Decision,2,2,2,2,Mild — okay for many kids with a parent,Sex & hookups — Is violence in movies and sex on TV ♪
22,8,2208,8. Baking Sad,1,2,3,3,Moderate — better for older kids / preteens,Sex & hookups — Is violence in movies and sex on TV ♪
22,9,2209,9. The Return of the King (of Queens),2,3,3,3,Moderate — better for older kids / preteens,Sex & hookups — play as the virgin Mary.
22,10,2210,10. Cabin Pressure,3,2,3,3,Moderate — better for older kids / preteens,Sex & hookups — Is violence in movies and sex on TV ♪
22,11,2211,11. Teacher's Heavy Pet,2,5,2,5,Heavy — not kid-friendly,Sex & hookups — We're teens. We're horny for everything.
22,12,2212,12. Take This Job and Love It,3,4,3,4,Strong — skip for little kids,Sex & hookups — Is violence in movies and sex on TV ♪
22,13,2213,13. Lifeguard Meg,2,2,2,2,Mild — okay for many kids with a parent,Sex & hookups — Is violence in movies and sex on TV ♪
22,14,2214,14. Fat Actor,3,4,3,4,Strong — skip for little kids,Sex & hookups — Is violence in movies and sex on TV ♪
22,15,2215,15. Faith No More,1,4,4,4,Strong — skip for little kids,Sex & hookups — I'm weirdly seeing a prostitute
22,90,2290,"90. Peter, Peter, Pumpkin Cheater",3,2,1,3,Moderate — better for older kids / preteens,Sex & hookups — Is violence in movies and sex on TV ♪
23,0,2300,. Gift of the White Guy,3,3,2,3,Moderate — better for older kids / preteens,Sex & hookups — he used to sleep with Rupert.
23,1,2301,1. Fat Gun,3,4,3,4,Strong — skip for little kids,Sex & hookups — can sleep with her tonight?
23,2,2302,"2. Live, Laugh, Love",3,2,4,4,Strong — skip for little kids,Sex & hookups — is violence in movies and sex on TV ♪
23,3,2303,3. Drunk With Power,2,4,3,4,Strong — skip for little kids,Sex & hookups — is violence in movies and sex on TV ♪
23,4,2304,4. Lois C.K.,3,4,4,4,Strong — skip for little kids,Sex & hookups — ever faked an orgasm?
23,5,2305,5. The Chicken or the Meg,3,4,3,4,Strong — skip for little kids,Sex & hookups — of horny livestock.
23,6,2306,6. Dog Is My Co-Pilot,1,2,4,4,Strong — skip for little kids,Sex & hookups — is violence in movies and sex on TV ♪
23,7,2307,7. Pitch Imperfect,1,4,3,4,Strong — skip for little kids,Sex & hookups — is violence in movies and sex on TV ♪
23,8,2308,8. Hard Times at Adam West High,2,4,4,4,Strong — skip for little kids,"Sex & hookups — horny and Black friend."""
23,9,2309,9. The Elle Word,2,4,4,4,Strong — skip for little kids,"Sex & hookups — horny and Black friend."""
23,10,2310,10. A Real Who's Hulu,3,4,1,4,Strong — skip for little kids,Sex & hookups — It says I'm the horny priest
23,11,2311,11. China Doll,2,2,2,2,Mild — okay for many kids with a parent,Sex & hookups — is violence in movies and sex on TV ♪
23,12,2312,12. One Foot in Front of the Mother,2,2,4,4,Strong — skip for little kids,Sex & hookups — Is violence in movies and sex on TV ♪
23,13,2313,13. The Fat Lotus,1,3,3,3,Moderate — better for older kids / preteens,"Sex & hookups — and had sex with his best friend,"
23,14,2314,14. Cool Hand Lois,2,4,3,4,Strong — skip for little kids,Sex & hookups — do you want to have sex
23,15,2315,15. Martian Meg,3,3,2,3,Moderate — better for older kids / preteens,Sex & hookups — Is violence in movies and sex on TV ♪
23,16,2316,16. Row v. Wade,1,4,3,4,Strong — skip for little kids,"Sex & hookups — All right, guys, no more orgasm"
23,17,2317,17. Karenheit 451,2,4,3,4,Strong — skip for little kids,Sex & hookups — Is violence in movies and sex on TV ♪
23,18,2318,18. Twain's World,3,5,3,5,Heavy — not kid-friendly,Sex & hookups — Is violence in movies and sex on TV ♪
24,1,2401,1. The Edible Arrangement,2,2,2,2,Mild — okay for many kids with a parent,Sex & hookups — Is violence in movies and sex on TV ♪
24,2,2402,2. Pumpkin Spice Girls,2,4,3,4,Strong — skip for little kids,Sex & hookups — Is violence in movies and sex on TV ♪
24,3,2403,3. Man-Fest Destiny,2,2,2,2,Mild — okay for many kids with a parent,Sex & hookups — Is violence in movies and sex on TV ♪
24,4,2404,4. Bringing Up Brady,2,5,3,5,Heavy — not kid-friendly,Sex & hookups — late night pizza and prostitute guy.
24,5,2405,5. Dear Francis,2,4,2,4,Strong — skip for little kids,Sex & hookups — Is violence in movies and sex on TV ♪
24,6,2406,6. Viewer DMs,3,2,2,3,Moderate — better for older kids / preteens,Sex & hookups — Is violence in movies and sex on TV ♪
24,7,2407,7. Scent of a Woman,2,5,3,5,Heavy — not kid-friendly,"Sex & hookups — many guys she's had sex with,"
24,8,2408,8. Play Time,3,4,4,4,Strong — skip for little kids,Sex & hookups — Is violence in movies and sex on TV ♪
24,9,2409,9. Phony Montana,2,3,4,4,Strong — skip for little kids,Sex & hookups — Is violence in movies and sex on TV ♪
24,10,2410,10. A Few More Ways to Die in the West,3,3,3,3,Moderate — better for older kids / preteens,Sex & hookups — Stayed up with a prostitute last
24,11,2411,11. Tall Stewie,1,5,4,5,Heavy — not kid-friendly,Sex & hookups — We get to have sex!
24,12,2412,12. Lower G.I. Joe,3,4,3,4,Strong — skip for little kids,Sex & hookups — and sex on TV ♪
24,13,2413,13. Friend's Best Man,2,5,3,5,Heavy — not kid-friendly,Sex & hookups — Is violence in movies and sex on TV ♪
24,14,2414,14. Let the Goodtimes Walk,3,3,3,3,Moderate — better for older kids / preteens,Sex & hookups — Is violence in movies and sex on TV ♪
24,15,2415,15. High School History,3,3,3,3,Moderate — better for older kids / preteens,Sex & hookups — This is why I sleep with guys.
