season,episode,code,title,violence,sex,language,overall,verdict,example_1
2,29a,0229a,10 & 1 Toilets,1,2,1,2,Mild — okay for many kids with a parent,"Sex & hookups — Patrick: “[laughs, kisses one of the puppies]”"
5,97a,0597a,"20,000 Patties Under the Sea",1,1,1,1,Usually fine,"Fat-shaming — Plankton: “I think it's time for you to lose some weight, fatty! That's what it is!”"
0,3,0003,2000 Kids' Choice Awards short,1,1,1,1,Usually fine,
0,4,0004,2019 Kids' Choice Awards short,1,1,1,1,Usually fine,
0,5,0005,2021 Kids' Choice Awards short,1,1,1,1,Usually fine,
0,6,0006,2022 Kids' Choice Awards short,1,1,1,1,Usually fine,
0,7,0007,2025 Kids' Choice Awards short,1,1,1,1,Usually fine,
2,37b,0237b,5 Star Restaurant,1,1,1,1,Usually fine,"Sex & hookups — Bunny: “[holding Patrick, kisses his boo-boo away, then cradles him] My brave boy! I'm never leaving you out of my sight again.”"
12,262a,12262a,A Cabin in the Kelp,1,1,1,1,Usually fine,"Alcohol / Drugs — As time passes, day turns to nighttime. The girls are sitting together around the campfire drinking kelp cocoa."
0,10,0010,"A Chuckie Finster Christmas, Channukah, Kwaanza, Winter Solstice",1,1,1,1,Usually fine,
7,136a,07136a,A Day Without Tears,1,1,1,1,Usually fine,
2,37a,0237a,A Finful of Sand Dollars,2,1,1,2,Mild — okay for many kids with a parent,"Violence & death — Kevin: “[gets shot in the chest and screams, then falls down into a trough of water]”"
15,318b,15318b,A Fish Called Sandy,1,1,1,1,Usually fine,
5,90a,0590a,A Flea in Her Dome,2,1,1,2,Mild — okay for many kids with a parent,"Violence & death — Sandy: “'Cause he's hungry. When a flea bites ya, it's 'cause he's sucking up your blood for nutrition.”"
3,48b,0348b,A Fool Schooled,1,1,1,1,Usually fine,Nudity & bodies — Patrick climbs to the top of the house naked and howls at the moon.
0,16,0016,A Football is a Seed,1,1,1,1,Usually fine,"Alcohol / Drugs — Patrick: “Inevitably. [attempts to drink from the cup, but its drinking straw pokes his left eye] Ow!”"
5,70b,0570b,A Fridge Too Far,1,1,1,1,Usually fine,"Sex & hookups — Bunny: “[grunts and gets off the fridge covered in snow. Looks at Squidina's report card and gets the snow off] Wow! Straight A's! [kisses Squidina and hugs her] Great job, Shnookums! You even got an A in Humility.”"
8,155a,08155a,A Friendly Game,3,1,1,3,Moderate — better for older kids / preteens,"Violence & death — Fighting, weapons, or death talk."
6,106a,06106a,A Life in a Day,1,1,1,1,Usually fine,"Violence & death — Patrick: “To live, my friend! We are going to live! [SpongeBob's expression goes from determined to worried. We now transition. to ""A-1 Wreckers"", a junkyard.] This is going to be the best fun yet!…”"
7,131b,07131b,A Pal for Gary,1,1,1,1,Usually fine,"Alcohol / Drugs — SpongeBob: “[laughs] Okay, Gare. I'll get out of your hair, buddy. [pushes his nose and his Krusty Krab employee hat pops up from his head He walks out the door] See you later, Gare.…”"
3,44b,0344b,A Patty in Time,1,1,1,1,Usually fine,"Violence & death — The Patricks all mob each other in a big fight. One punches another, one grabs another's head, and one butt-slams another."
13,268a,13268a,A Place for Pets,1,1,1,1,Usually fine,"Violence & death — Mr. Krabs: “Hoo hoo, Sandy. Your Alaskan Bull Worm certainly was hungry. [puts on glasses and starts punching numbers]”"
4,59b,0459b,A Remembrance of Grand-Past,2,1,1,2,Mild — okay for many kids with a parent,"Sex & hookups — Calamari: “I see you're an art admirer, too. I've never met a man quite like you before. [goes up to GrandPat to try to kiss him]”"
1,22b,0122b,A Root Galoot,1,1,1,1,Usually fine,"Violence & death — Patrick: “[in boxing arena] Can I-- [gets punched, channel changes to show him riding a seahorse] pretty pretty please-- [channel changes to show him as a chef looking at a steak] get my wish now?”"
13,279c,13279c,A Skin Wrinkle in Time,1,1,1,1,Usually fine,"Nudity & bodies — SpongeBob opens the door, still in his underwear."
1,18b,0118b,A Space Affair to Remember,1,2,1,2,Mild — okay for many kids with a parent,"Sex & hookups — Bunny: “[quietly] Oh, right. Weird! [they smile with their mouths together, then kiss] Mwah!”"
8,159,08159,A SquarePants Family Vacation,1,1,1,1,Usually fine,"Violence & death — Patrick: “[Sweating] Well, I'd probably be really enjoying the view if I still had some blood flowing in my arms. Ow!”"
2,31a,0231a,A Tale of Two Roxies,1,1,1,1,Usually fine,
15,314b,15314b,A Taste of Plankton,1,1,1,1,Usually fine,"Nudity & bodies — The glue bubbles and pops. Hot glue spills on Plankton, making him scream and flail. Karen pulls him out of it; his lower body is ripped, revealing pink skin and his underwear."
4,55a,0455a,A Tinkle in Time,1,1,1,1,Usually fine,
14,31,1431,A Very Patchy Holiday Livestream,1,1,1,1,Usually fine,"Violence & death — The scene transitions to a scene from ""Just in Time for Christmas."" GrandPat is at the top of the tree, fitting a star topper on it. Patrick runs into the room and hits the telephone pole, being flung back into the…"
13,280a,13280a,Abandon Twits,1,1,1,1,Usually fine,
5,69b,0569b,Accidentally in Love,1,1,1,1,Usually fine,
8,153a,08153a,Accidents Will Happen,1,1,1,1,Usually fine,
13,282b,13282b,Ain't That the Tooth,1,1,1,1,Usually fine,Sex & hookups — SpongeBob and Patrick: “[hugging Dorsal Dan] Yay! [kissing Dorsal Dan]”
3,41b,0341b,All Bot Myself,1,1,1,1,Usually fine,"Violence & death — Bunny: “[brandishes vacuum] En Garde! [tries to vacuum some dust, but Pat-Tron beats her to it]”"
3,48a,0348a,All Out of Idea Bricks,1,1,1,1,Usually fine,
4,72a,0472a,All That Glitters,1,2,1,2,Mild — okay for many kids with a parent,"Sex & hookups — SpongeBob: “[gives a kiss to Spat and walks out of the hospital] Replacement spatula? How can anything ever replace... HEY! Look at that! [notices a sign that says ""LE SPATULA INSIDE"" and a picture of a high-tech spatula is on it]…”"
13,292b,13292b,Allergy Attack!,1,1,1,1,Usually fine,"Sex & hookups — SpongeBob: “[kisses Squidward on the forehead] Mwah, isn't it amazing, Squidward? If I'm making the kazillionth patty, then [pokes Squidward's forehead] you've written a kazillion orders.”"
0,40,0040,And Krabs Saves the Day,1,1,1,1,Usually fine,
0,41,0041,Anything for Baby,1,1,1,1,Usually fine,
11,238a,11238a,Appointment TV,1,1,1,1,Usually fine,Nudity & bodies — SpongeBob: “It was lost...[pulls out his dentures and brushes them] to the sands of time. [put his dentures back in his mouth; he and Gary jump in the bathtub and SpongeBob scrubs himself] Until they found a copy in the producer's…”
13,282a,13282a,Arbor Day Disarray,1,1,1,1,Usually fine,
0,44,0044,Are We There Yet?,1,1,1,1,Usually fine,
1,13,0113,Are You Afraid of the Dork?,2,1,1,2,Mild — okay for many kids with a parent,"Violence & death — Upturn: “[begins flashback] Once I was in the kitchen, the fear continued. [sees toaster] How do I make a sandwich? How many pieces of bread? I didn't know.…”"
8,169a,08169a,Are You Happy Now?,1,1,1,1,Usually fine,Alcohol / Drugs — Incidental 40: “[reaches the top] Son of a seahorse! Twenty years of training and a couple of amateurs just leap out of a balloon! Here! [gives SpongeBob his flag] You plant it!…”
1,22a,0122a,Are You Smarter Than a Smart Cabin?,1,1,1,1,Usually fine,"Violence & death — Regigille slips on gumballs and lands on a board, which flings a bowl of punch onto Rea."
0,48,0048,Are You Square Enough?,1,1,1,1,Usually fine,
0,49,0049,Around the World,1,1,1,1,Usually fine,
0,50,0050,Around the World with SpongeBob SquarePants,1,1,1,1,Usually fine,
1,17a,0117a,Arrgh!,1,1,1,1,Usually fine,
2,38b,0238b,Artist Unknown,1,1,1,1,Usually fine,
3,47a,0347a,As Seen on TV,1,1,1,1,Usually fine,"Alcohol / Drugs — SpongeBob: “[screaming] No! [in his head] My career is over. All those years clawing my way up. All the people I've stepped on, wasted.”"
0,54,0054,Ask Patrick Anything,1,1,1,1,Usually fine,
2,38a,0238a,"At Home, on the Lam",1,1,1,1,Usually fine,"Nudity & bodies — Bunny: “Oh, Patrick. You can run. [pulls down a zipper on her head to reveal herself in a war-like outfit] But you can't hide. [whistles to summon Tinkle, pulling out a pair of underwear from a laundry basket] All right…”"
5,92,0592,Atlantis SquarePantis,2,1,1,2,Mild — okay for many kids with a parent,"Violence & death — Plankton: “♪Oh, what a beautiful sight! Weapons as far as the eye can see. But which one will be right for me? How do I pick? Which one will do the trick? Which is best to guarantee eternal rest? So many weapons!…”"
4,57,0457,Attack of the SpongeBob DVDs!,1,1,1,1,Usually fine,
0,58,0058,Australia 1,1,1,1,1,Usually fine,
0,59,0059,Australia 2,1,1,1,1,Usually fine,
0,60,0060,Back to School Season,1,1,1,1,Usually fine,Nudity & bodies — The shot zooms out to reveal SpongeBob chroma-keyed into the Turners' living room. He is sitting on their sofa in his underwear and is not wearing a water helmet.
7,135a,07135a,Back to the Past,2,1,1,2,Mild — okay for many kids with a parent,Alcohol / Drugs — Barnacle Boy: “Just getting stuck in a wasted life.”
1,16a,0116a,Backpay Payback,1,1,1,1,Usually fine,"Sex & hookups — Squidward: “[as a guard worm barks at him] Walking down the street, ya-ta-ta-ta! [freaks out as the guard worm lands on top of him, gives him the tip, and kisses his nose.…”"
0,63,0063,Backstage Pants,1,1,1,1,Usually fine,"Nudity & bodies — Tom Kenny: “People often ask if SpongeBob wears the exact same pair of underwear in each and every episode, and I would have to say... mostly yes.…”"
15,309a,15309a,Bad Luck Bob,1,1,1,1,Usually fine,"Sex & hookups — Patrick: “I don't know what I'd do without you, [rubs pole against his face] my lucky 11-foot pole. [kisses it]”"
0,65,0065,Bad Neighbor Blues,1,1,1,1,Usually fine,
0,66,0066,Balloons,1,1,1,1,Usually fine,
2,35b,0235b,Band Geeks,2,1,1,2,Mild — okay for many kids with a parent,"Violence & death — Sandy: “Why, you... Why, I oughta--! [Sandy jumps on Patrick and starts beating him up until they both roll outside. The doors slam shut.]”"
5,100a,05100a,Banned in Bikini Bottom,1,1,1,1,Usually fine,"Sex & hookups — The episode begins at the Krusty Krab. SpongeBob is cooking Krabby Patties, and hears them sizzle. A big puff of steam comes up. SpongeBob sniffs it in, exhales with content and in the shape of a heart, then kisses it."
8,164a,08164a,Barnacle Face,1,1,1,1,Usually fine,"Nudity & bodies — The episode begins at Bikini Bottom High School. A teenage fish walking past gets a doughnut thrown on him. Two teenage fish nearby laugh, and one of them spits at the other out of a straw.…"
14,296a,14296a,BassWard,1,1,1,1,Usually fine,Violence & death — Shark receptionist: “[punches buttons on computer] Mr. Tentacles and Mr. Bass. Ooh! [claps hands] You two have reserved our finest rooms.”
0,71,0071,Battle for Bikini Bottom (Game Boy Advance),1,1,1,1,Usually fine,
0,72,0072,Battle for Bikini Bottom (home console),3,3,1,3,Moderate — better for older kids / preteens,Sex & hookups — Sandy: “I'll do it so fast it'll make your head spin faster than a horny toad on a merry-go-round.”
0,73,0073,Behind the Pantis,1,1,1,1,Usually fine,
0,74,0074,Behind the Scenes of the SpongeBob Opening,1,1,1,1,Usually fine,
4,75,0475,Behind the Scenes with Pick Boy and SpongeBob,1,1,1,1,Usually fine,
4,80a,0480a,Best Day Ever,1,1,1,1,Usually fine,"Nudity & bodies — SpongeBob: “But... the best day ever starts at the Krusty Krab! Guys, I'm sorry, but I'm going to have to ask you to leave! [nematodes eat his pants reveling his underwear and he covers himself] Ohhhh!…”"
0,77,0077,Best Day Ever marathon,1,1,1,1,Usually fine,"Sex & hookups — Seymour: “Full speed ahead! It's SpongeBob's Best Day Ever on Nick. Time for your number 17 pick in the countdown, Grandma's Kisses.”"
4,78b,0478b,Best Frenemies,1,1,1,1,Usually fine,Nudity & bodies — SpongeBob: “[runs up screaming and crying covered in yellowish-green fur] What's happening to me?! [Mr. Krabs and Plankton gasp in shock when they see SpongeBob covered in green fur and he's naked] They've shut down the Kelpshakes…”
2,35a,0235a,Best Served Cold,1,1,1,1,Usually fine,"Alcohol / Drugs — Squidward: “[drinking water and with his news bag next to him] Oh, how I hate that paper-pilfering Cecil Star.”"
0,80,0080,Beware Flying Jellyfish,1,1,1,1,Usually fine,
12,253b,12253b,Biddy Sitting,1,1,1,1,Usually fine,"Violence & death — Baby Prunes: “Why, I oughta! [punches them in the face, knocking them away]”"
2,33b,0233b,Big Baby Patrick,1,1,1,1,Usually fine,
15,307b,15307b,Big League Bob,1,1,1,1,Usually fine,"Sex & hookups — Mr. Krabs: “[holding the stacks of cash] Yeah, far be it from me to hold you back, boy-o. By the looks of this legal tender, it's obvious you're destined [takes off SpongeBob's hat and puts it on the stack of cash] for bigger and…”"
2,23a,0223a,Big Pink Loser,1,1,1,1,Usually fine,"Alcohol / Drugs — Incidental 41: “[approaches Patrick] Hey, pal. You just blow in from Stupidtown? [continues drinking]”"
7,152a,07152a,Big Sister Sam,1,1,1,1,Usually fine,Violence & death — Sam: “[punches the door open and walks towards Patrick thunderously]”
13,293a,13293a,Big Top Flop,1,1,1,1,Usually fine,
0,87,0087,Bike Safety Tips,1,1,1,1,Usually fine,
0,88,0088,Bikini Bottom's 7 Life Strategies,1,1,1,1,Usually fine,
15,310a,15310a,Biscuit Ballyhoo,1,1,1,1,Usually fine,"Sex & hookups — Pearl: “Thanks, Daddy. [kisses Mr. Krabs and drops several boxes onto him, then walks away with the money] We're going to Mars.”"
17,336b,17336b,Bitter Groans and Gardens,1,1,1,1,Usually fine,"Sex & hookups — SpongeBob: “[trimms leave and kisses the bush causing it to bloom flowers of color with Jellyfishes, Hearts and Krabby Patties.]”"
16,320a,16320a,Bizarro Bottom,1,1,1,1,Usually fine,
5,94a,0594a,Blackened Sponge,1,1,1,1,Usually fine,"Affairs / cheating — Dream SpongeBob: “Hey, that's cheating!”"
5,93c,0593c,BlackJack,1,1,1,1,Usually fine,"Nudity & bodies — SpongeBob: “I may get beaten to a quivering pulp but I must do it, for the sake of my parents! [cries and wipes his eyes with a pair of underwear.…”"
14,297a,14297a,Blood is Thicker Than Grease,1,1,1,1,Usually fine,Sex & hookups — Ma: “And a side-by-side outhouse [they put their hands on each other's toilet handles] for them romantical evenings! [they flush each other's toilets and kiss]”
1,23b,0123b,Blorpsgiving,2,1,2,2,Mild — okay for many kids with a parent,"Sex & hookups — King Saladrian: “Such a beauty! [kisses her arm] Mwah, mwah, mwah!”"
5,84b,0584b,Boat Smarts,1,1,1,1,Usually fine,
6,109a,06109a,Boating Buddies,1,1,1,1,Usually fine,"Alcohol / Drugs — The chip drops on the floor and breaks in half, then Mrs. Puff, SpongeBob, and Squidward make a break for it into a drain. The scene then cuts to a cowboy heading to a water drinking fountain, but as he starts drinking…"
1,4b,014b,Boating School,1,1,1,1,Usually fine,"Nudity & bodies — Patrick: “[through walkie-talkie] Got your apple ready? [SpongeBob shows an apple] Lucky undergarments? Hold on, hold on... [focuses in on the underwear with the telescope to reveal the word lucky on the top of it] ...bingo!…”"
1,18b,0118b,Boo Light Special,2,1,1,2,Mild — okay for many kids with a parent,"Sex & hookups — Mr. Krabs: “Here you go, one sun block. [takes camper's coin, kisses it]”"
3,56a,0356a,Born Again Krabs,1,1,1,1,Usually fine,Alcohol / Drugs — Mr. Krabs now changes from generous to greedy and races up to Incidental 41 drinking a Mountain Dew-like drink and he confiscates it from him
4,78a,0478a,Born to Be Wild,1,1,1,1,Usually fine,Sex & hookups — Biker #1: Don't you want to kiss the seat of my pants? Let's ride. [bikers ride off]
12,258a,12258a,Boss for a Day,1,1,1,1,Usually fine,"Nudity & bodies — Numerous copies dances in a scene, helping out customers as followed: refills a cup of glass with water, opens an umbrella to blocks out snow, gives out a Krabby Patty and a drink, and shovels a pile of snow to put out…"
2,22b,0222b,Bossy Boots,1,1,1,1,Usually fine,Sex & hookups — Pearl: “Hmm... how about The Kissy Krab? [puckers up her lips and makes kissing noises]”
11,230b,11230b,Bottle Burglars,1,1,1,1,Usually fine,"Sex & hookups — Karen: “[scans the bottle until her screen says, ""Secret Formula equals Genuine""] It's genuine. Come here, you big hunk of aquatic organism! Ooh, I knew you could do it![hugs Plankton and kisses him] Just don't blow it this…”"
5,68a,0568a,Braggin' Slayer,2,1,1,2,Mild — okay for many kids with a parent,"Sex & hookups — Jolly King Pork Chop: “Perfect! Well, that settles it. Tofu Todd- [his daughter, Princess Hamhock, comes in and whispers something to him] My beloved daughter, Princess Hamhock, sayeth unto me that, ""Todd is a big ol' softie and he'll never…”"
17,334b,17334b,Brainless Brawn,1,1,1,1,Usually fine,"Sex & hookups — ""Kiss of the Nematode"""
0,107,00107,Brazil 1,1,1,1,1,Usually fine,
0,108,00108,Brazil 2,1,1,1,1,Usually fine,
12,257b,12257b,Breakin',1,1,1,1,Usually fine,
5,87b,0587b,Breath of Fresh Squidward,1,1,1,1,Usually fine,
12,250a,12250a,Broken Alarm,2,1,1,2,Mild — okay for many kids with a parent,Violence & death — The scene changes to SpongeBob setting his punching bag alarm clock.
1,26a,0126a,Bubble Bass Reviews,1,2,1,2,Mild — okay for many kids with a parent,"Sex & hookups — Bubble Bass: “...whereas, previously, it was traveling left to right. The shots don't hook up! My immersion is ruined. You had one job, and you goof'd!”"
12,265a,12265a,Bubble Bass's Tab,2,1,1,2,Mild — okay for many kids with a parent,"Violence & death — Squidward: “[punches Bubble Bass' face with his lance] Alright, Bubble Bass. You're tagged. Pay your tab.”"
2,23b,0223b,Bubble Buddy,1,1,1,1,Usually fine,
8,167b,08167b,Bubble Buddy Returns,1,1,1,1,Usually fine,
8,166a,08166a,Bubble Troubles,1,1,1,1,Usually fine,Violence & death — Sandy: “Hm-mmm. [Patrick holds a nut before Sandy sniffs it and punches Patrick]”
1,2a,012a,Bubblestand,1,1,1,1,Usually fine,"Sex & hookups — Squidward: “Technique? Hah. SpongeBob, you don't think I created that [kisses his tentacle] beautiful work of art with your help? [starts laughing] Come on, it's in my genes.”"
11,240a,11240a,Bubbletown,1,1,1,1,Usually fine,
5,86b,0586b,Bucket Sweet Bucket,1,1,1,1,Usually fine,
14,294b,14294b,Buff for Puff,1,1,1,1,Usually fine,"Sex & hookups — They almost kiss, then Mr. Krabs' stomach rumbles."
9,201b,09201b,Bulletin Board,1,1,1,1,Usually fine,
1,1b,011b,Bummer Jobs,1,1,1,1,Usually fine,"Sex & hookups — Bunny: “[just arriving in the room] So dapper. [kisses Cecil, who then chuckles]”"
4,74a,0474a,Bummer Vacation,1,1,1,1,Usually fine,
9,182b,09182b,Bumper to Bumper,1,1,1,1,Usually fine,
11,223b,11223b,Bunny Hunt,1,1,1,1,Usually fine,"Sex & hookups — Squidward: “[French accent] I am a culinary genius, no? [sets his meal on the table where a wooden mannequin is sitting] Here you are, sir. Ze specialty of mah house. Roast salad à la Squidward.…”"
1,6b,016b,Bunny the Barbarian,1,1,1,1,Usually fine,Sex & hookups — Bunny: “Aww. [kisses gatekeeper on forehead] Mwah! [begins climbing spiral staircase]”
7,145a,07145a,Buried in Time,1,1,1,1,Usually fine,"Alcohol / Drugs — SpongeBob: “[gasps] Wow, special drinking fountains for short people! What will the future think of next? [SpongeBob's future ends]”"
10,210b,10210b,Burst Your Bubble,1,1,1,1,Usually fine,
13,271b,13271b,C.H.U.M.S,1,1,1,1,Usually fine,Gay / Lesbian — Plankton: “Me and my C.H.U.M. army! [the C.H.U.M. starts coming out of the stalls]”
1,3b,013b,Cabin of Curiosities,1,1,1,1,Usually fine,Sex & hookups — Patrick: “[applies chapstick] Without a kiss goodbye. [puckers lips]”
11,236a,11236a,Call the Cops,1,1,1,1,Usually fine,"Nudity & bodies — Patrick grabs a bunch of toilet paper and stuffs them down the toilet. He pulls his underwear out and stuffs it in the toilet too. He squirts a tube of toothpaste, adds a cinderblock, and stuffs them all down with his…"
2,32a,0232a,Calling Some Monsters,2,1,1,2,Mild — okay for many kids with a parent,"Nudity & bodies — Bubble Bass: “[wearing only underwear and a nightcap] Oh, please. They expect us to believe monsters are attacking the camp? [walks down the steps] Lamest prank ever.…”"
1,17a,0117a,Camp Crossbones,2,1,1,2,Mild — okay for many kids with a parent,"Sex & hookups — Inside the cabin, Sandy pulls a rope that converts the roof to a sail. The crow's nest shows a flag shaped like SpongeBob's skull. Patrick almost drops his telescope, and ends up swallowing it, reshaping his head.…"
1,14b,0114b,Camp Spirit,1,1,1,1,Usually fine,Gay / Lesbian — Patrick: “[coming out of Mr. Krabs' pocket] She's not in his pocket.”
1,8b,018b,Camp SpongeBob,2,1,1,2,Mild — okay for many kids with a parent,Sex & hookups — Everyone gasps. Cut to SpongeBob sleeping with Gary and a sea bear in a cabin.
1,5b,015b,Camper Gary,2,1,1,2,Mild — okay for many kids with a parent,"Sex & hookups — Mrs. Puff: “Oh! [laughs] You must really like my vegetables. What a healthy boy. [kisses Gary, leaving a trail of slime]”"
3,47b,0347b,Can You Spare a Dime?,1,1,1,1,Usually fine,"Sex & hookups — SpongeBob: “[baby talk] Nonsense. You stay as long as you need to. [kisses Squidward on his nose] Good night, my little angel. [the next morning, SpongeBob rings a bell to wake Squidward] Breakfast is ready!…”"
0,138,00138,Can't Swim,1,1,1,1,Usually fine,
0,139,00139,Cancer,1,1,1,1,Usually fine,
13,277a,13277a,Captain Pipsqueak,2,1,1,2,Mild — okay for many kids with a parent,Violence & death — Man Ray: “[takes out ray gun] First to go bye-bye. [cackles]”
5,67b,0567b,Cart of Darkness,1,1,1,1,Usually fine,Alcohol / Drugs — Squidina: “Ha! That oughta slow her down. [turns monitor on showing Patrick on cart drinking]”
11,216a,11216a,Cave Dwelling Sponge,2,1,1,2,Mild — okay for many kids with a parent,Violence & death — Spongy Spongy: “Agh! [stabs the ketchup bottle with his spear and gets ketchup on his face; he grunts]”
6,115b,06115b,Cephalopod Lodge,1,1,1,1,Usually fine,Nudity & bodies — Patrick: “You still have your underwear.”
11,226a,11226a,Chatterbox Gary,1,1,1,1,Usually fine,
11,234b,11234b,ChefBob,3,1,1,3,Moderate — better for older kids / preteens,"Violence & death — The customers watch as SpongeBob juggles the Krabby Patties and roll them onto the grill. Three patties remain spinning until SpongeBob ""shoots"" them flat like shooting a gun."
4,70a,0470a,Chimps Ahoy,1,1,1,1,Usually fine,Violence & death — Lord Reginald: “Now it's tuning my ukulele! [the ukulele makes two good notes then one sour note and the invention goes out of control. Lord Reginald is hit on the head with the ukulele] Ouch!…”
0,147,00147,Chocolate Milk,1,1,1,1,Usually fine,
3,52a,0352a,Chocolate with Nuts,1,1,1,1,Usually fine,"Sex & hookups — Cut to SpongeBob and Patrick looking speechless. Several chocolate bars fall out of Patrick's shorts, along with a Hershey's kiss. Cut back to Tom, SpongeBob, and Patrick. Patrick melts to the ground at Tom's feet."
6,112b,06112b,Choir Boys,1,1,1,1,Usually fine,
3,41a,0341a,Chopping Spree,1,1,1,1,Usually fine,"Gay / Lesbian — Puffasaur: “[roars, retracts trunk as it smells the stench, a tear coming out of its eye]”"
2,28,0228,Christmas Who?,2,1,1,2,Mild — okay for many kids with a parent,"Sex & hookups — Patchy: “Oh, hi kids. Boy, that SpongeBob makes me as jolly as a roger. Well, I hope you enjoyed SpongeBob's Christmas tale. And I hope your Christmas is better than sunken treasure. [He takes the boat off his head.…”"
2,33a,0233a,Chum Bucket List,2,1,1,2,Mild — okay for many kids with a parent,Violence & death — Singer: “♪ It's a lifetime of lifetimes [SpongeBob and Patrick high-five] where you and your buddy can be [Hans comes in and punches them out of the building] smacked in the face... ♪”
6,122a,06122a,Chum Bucket Supreme,1,1,1,1,Usually fine,Violence & death — Plankton screams while the hockey players are starting beating him up. The hockey players kick him out of the Chum Bucket.
6,125b,06125b,Chum Caverns,1,1,1,1,Usually fine,
8,176b,08176b,Chum Fricassee,1,1,1,1,Usually fine,
3,53b,0353b,Clams,1,1,1,1,Usually fine,"Sex & hookups — Mr. Krabs: “Yippee! [kisses Sandals and Squidward, and takes the dollar and laughs hysterically as he rubs it all over himself] Whoo-hoo! Whoa! Whoa! Whoo-ha! Whoo-ha! Whoo!”"
2,39b,0239b,Cleanin' House,1,1,2,2,Mild — okay for many kids with a parent,Nudity & bodies — GrandPat: “[pulls his underwear off and tosses them to the floor]”
17,342a,17342a,Clicking with a Clique,2,1,1,2,Mild — okay for many kids with a parent,Violence & death — SpongeBob: “[does a punch and a kick and a hit with sound effects] I'm the Notorious Villain: Man Ray!”
3,42a,0342a,Club SpongeBob,1,1,1,1,Usually fine,"Alcohol / Drugs — SpongeBob and Patrick: “Praise the Magic Conch! [victory screech. Squidward stares shockingly. The bug gets up, hits him with the stick, and runs off. SpongeBob and Patrick eat. SpongeBob eats two burgers.…”"
10,206b,10206b,Code Yellow,1,3,1,3,Moderate — better for older kids / preteens,Sex & hookups — Bubble transitions to Squidward hooked up to the IV.
9,192a,09192a,Company Picnic,1,1,1,1,Usually fine,"Nudity & bodies — Squidward runs past Mr. Krabs, which makes him spin around until his shell falls off. Seeing that he is naked, Mr. Krabs is embarrassed. Squidward gobbles up the cotton candy and roasted peanuts in a crazy frenzy."
9,198b,09198b,CopyBob DittoPants,2,1,1,2,Mild — okay for many kids with a parent,"Violence & death — Plankton: “More fruit punch, SpongeBob?”"
0,163,00163,Creature from the Krusty Krab (home console),1,1,1,1,Usually fine,
2,37b,0237b,Cretins of the Night,2,1,1,2,Mild — okay for many kids with a parent,Violence & death — Kidferatu's hand: “Blah! Surely you remember that vampires do not eat food! They drink blood!”
0,165,00165,Crossing the Street,1,1,1,1,Usually fine,
11,225a,11225a,Cuddle E. Hugs,1,1,1,1,Usually fine,"Sex & hookups — Cuddle E. Hugs: “Of course it is! Hugs is my last name, after all. [kisses SpongeBob]”"
1,10a,0110a,Culture Shock,1,1,1,1,Usually fine,
16,321a,16321a,Curse of the WereDoodle,1,1,1,1,Usually fine,"Nudity & bodies — SpongeBob: “[groans as he is under a pile of books, and is now in his underwear] What happened? Where am I?”"
1,22a,0122a,Dad's Stache Stash,2,1,1,2,Mild — okay for many kids with a parent,Violence & death — Cecil: “Uh-oh! [gets punched and breaks through the wall of the train behind]”
3,45b,0345b,Day of the Dartfish,1,1,1,1,Usually fine,"Nudity & bodies — Patrick: “[with a piece of bread on a plate] You're looking a little naked, Mr. Bread. Let me help you get dressed. [puts steak dressing, a wheel of cheese, a pizza, a bowl of noodles, a watermelon, and a sink with dishes on the…”"
3,51b,0351b,Day of the Living Dad Jokes,1,1,1,1,Usually fine,"Violence & death — Squidina: “It's a football. [Patrick punches his stomach to eject the football; points] Uh-oh, we've got company.”"
4,62b,0462b,De-Pat-ment Store,1,1,1,1,Usually fine,Violence & death — Cecil: “What's going on--? [screams as three security guards beat him up]”
6,114a,06114a,Dear Vikings,1,1,1,1,Usually fine,"Sex & hookups — SpongeBob: “[gasps in excitement] Thanks, Squidward! [kisses Squidward on the head, then walks away]”"
1,22b,0122b,Deep Sea Despot,1,1,2,2,Mild — okay for many kids with a parent,Swearing — A camper drills a screw in. Larry pounds a stake with a hammer twice. Bubble transition to Gary slithering past with a hammer in his mouth and tools on his shell.
15,317a,15317a,Delivery of Doom,1,1,1,1,Usually fine,
13,285a,13285a,Delivery to Monster Island,1,1,1,1,Usually fine,"Sex & hookups — Plankton: “Rawr, rawr. We're alone at last. [kisses patty] Muah.”"
8,173b,08173b,Demolition Doofus,1,1,1,1,Usually fine,
2,32b,0232b,Dig This,1,1,1,1,Usually fine,Sex & hookups — Mr. Krabs: “[kisses money]”
0,179,00179,Digital Cable,1,1,1,1,Usually fine,
12,252b,12252b,Dirty Bubble Returns,1,1,2,2,Mild — okay for many kids with a parent,"Sex & hookups — Dirty Bubble: “[comes up to Perch Perkins and rubs his face off] No more pencils, no more books, no more news guy's dirty looks! [evil laugh, kisses Perkin's face revealing it is inverted]”"
6,114b,06114b,Ditchin',1,1,1,1,Usually fine,
4,63a,0463a,Doctor Patrick,1,1,1,1,Usually fine,"Violence & death — Meat Person: “[flips Doctor 1 (The Lost Mattress) all around and beats him up] He's the best doctor! [winks, which makes the mustard land in his eye]”"
0,183,00183,Documenting Our Road Trip,1,1,1,1,Usually fine,"Sex & hookups — Sandy: “Okay, how about you, Patrick? [he is chewing gum and wrapping it around his head] Uhh, Patrick? O...kay. How about you, Mr. Krabs? [he is sleeping with a pillow and blanket made out of money] Squidward?…”"
3,45b,0345b,Doing Time,2,1,1,2,Mild — okay for many kids with a parent,"Violence & death — Scene cuts back to Mrs. Puff, who is still screaming. Scene then shows a retirement home where a fish in a white coat is yelling at a truck that has fruit punch."
15,312b,15312b,Dome Alone,1,1,1,1,Usually fine,"Nudity & bodies — Cut to Sandy playing music on her guitar in her rocking chair. An acorn bell rings, and Sandy pulls back in the fighting ring as she dives into a wooden robot, kicking him out of the ring.…"
11,226b,11226b,Don't Feed the Clowns,1,1,1,1,Usually fine,
9,187a,09187a,Don't Look Now,2,2,1,2,Mild — okay for many kids with a parent,Sex & hookups — Patrick: “[opens his left eye] You sure? [opens other eye and screams] It's worse! [Jennifer and Edwina are shown kissing; offscreen] They're kissing!”
14,297b,14297b,Don't Make Me Laugh,1,1,1,1,Usually fine,Sex & hookups — Reflection: “Don't listen to him. You're beautiful. [kisses Squidward] Mwah.”
10,215b,10215b,Don't Wake Patrick,1,1,1,1,Usually fine,Violence & death — SpongeBob: “[sniffs the fumes] Blech! [the fumes form into a fist and punch SpongeBob's face] Ow!”
11,229a,11229a,Doodle Dimension,1,1,1,1,Usually fine,"Sex & hookups — Patrick: “[loudly] Nah-nah, you missed us! [through megaphone] ""[Shaking his butt""] Now you gotta kiss us!”"
13,288a,13288a,Dopey Dick,1,1,5,5,Heavy — not kid-friendly,"Swearing — This article is a transcript of the SpongeBob SquarePants episode ""Dopey Dick"" from season 13, which aired on June 29, 2023."
2,31b,0231b,Dr. Smart Science,1,1,1,1,Usually fine,
0,193,00193,Drawing Characters,1,1,1,1,Usually fine,
0,194,00194,Drawing the Goo Lagoon,1,1,1,1,Usually fine,
12,267b,12267b,Dream Hoppers,1,1,1,1,Usually fine,
11,227a,11227a,Drive Happy,1,1,1,1,Usually fine,"Sex & hookups — Coupe doesn't listen to SpongeBob and continues flipping the channels on the tv. SpongeBob, feeling rejected, sulks upstairs to his room.…"
8,154a,08154a,Drive Thru,1,1,1,1,Usually fine,
3,44a,0344a,Driven to Drive,1,1,1,1,Usually fine,
4,77a,0477a,Driven to Tears,1,1,1,1,Usually fine,"Nudity & bodies — Mrs. Puff: “[Patrick walks up to the boat she is sitting in and gets in it, in his underwear] Good morning.”"
17,341a,17341a,Duct Tape Dystopia,1,1,1,1,Usually fine,"Sex & hookups — Mr. Krabs: “[duct tapes the customer's mouth shut] And it also solves customer's complaints. Why, I even duct taped me shell. [pulls his shirt up to reveal his cracked body covered in duct tapes] Who has time for molting?…”"
2,29b,0229b,Dumped,1,1,1,1,Usually fine,
4,66,0466,Dunces and Dragons,2,1,1,2,Mild — okay for many kids with a parent,Sex & hookups — King Krabs: “Pearl! [cries] Can no one stop this madness? [sun shines on SpongeBob and Patrick] You... you two...[kisses their feet] My apologies... most noble... and valued... warriors...”
2,24a,0224a,Dying for Pie,2,1,1,2,Mild — okay for many kids with a parent,"Sex & hookups — SpongeBob: “Hey, guys! [licks and kisses his fingers five times then rubs his stomach] Thanks for the pie, Squidward! [sings] La-la-la-la-la-la-la... [skips out]”"
0,204,00204,Dying for Pie (voice-over),1,1,1,1,Usually fine,
7,146b,07146b,Earworm,1,1,1,1,Usually fine,
0,206,00206,Educate and Activate,1,1,1,1,Usually fine,
0,207,00207,Educate and Activate 2,1,1,1,1,Usually fine,
9,183a,09183a,"Eek, an Urchin!",1,1,1,1,Usually fine,"Sex & hookups — Plankton: “Fine [sticks out his arms out of cactus costume and poses] H-h-hey there, handsome! You're cute... for a parasite.[The urchin pants happily and tries to move closer to him] Whoa there, buddy!…”"
1,12b,0112b,Employee of the Month,1,1,1,1,Usually fine,
7,145b,07145b,Enchanted Tiki Dreams,1,1,1,1,Usually fine,"Alcohol / Drugs — Squidward walks around a bit, drinking his coconut along the way, then comes to a waterfall, goes inside, and takes a shower. Then he comes back out to see a tiki boat waiting for him.…"
2,39,0239,End of Summer Daze,2,1,1,2,Mild — okay for many kids with a parent,"Sex & hookups — Patrick: “And I couldn't let summer be over without using the outhouse [pulls it close] just one last time! [to outhouse] Oh, I'm gonna miss you... [kisses it]”"
1,2b,012b,Enemies à la Mode,1,1,1,1,Usually fine,"Violence & death — Squidina: “Morning, [narrowly avoids being hit by the wheel] Patrick! [she playfully punches Patrick, who is upset] How's the ol' creative process going?”"
4,67a,0467a,Enemy In-Law,1,1,1,1,Usually fine,"Sex & hookups — Mr. Krabs: “Oh, money. You're always there for me. [kissing noisily]”"
12,266,12266,Escape from Beneath Glove World,2,1,1,2,Mild — okay for many kids with a parent,"Nudity & bodies — Animatronic Hieronymus Glove: [singing] ♪A glove is beyond compare, as essential as underwear!♪"
9,184b,09184b,Evil Spatula,1,1,1,1,Usually fine,
16,322a,16322a,Exchange Student Driver,1,1,1,1,Usually fine,
9,179a,09179a,Extreme Spots,2,1,1,2,Mild — okay for many kids with a parent,"Violence & death — Patrick: “[wearing a black wig and blue bowtie] I want a clean fight. I don't wanna see any trash laying around. [holds up a bell and hammer but instead, the hammer hits his head, hurting him.…”"
1,24a,0124a,Eye of the Hotdog,1,1,1,1,Usually fine,
1,10b,0110b,F.U.N.,1,1,1,1,Usually fine,
8,172a,08172a,Face Freeze!,1,1,1,1,Usually fine,
2,37a,0237a,Face/Off-Model,2,1,1,2,Mild — okay for many kids with a parent,"Sex & hookups — Cecil: “[walks in, carrying a tray of burnt food] Presenting the Cecil Breakfast Special: [close-up panning shot of the burnt food] burnt pancakes, burnt toast... and, to wash it all down, burnt orange juice. Let's dig in.…”"
2,29b,0229b,Family Plotz,1,1,1,1,Usually fine,"Sex & hookups — Bunny: “[wearing yoga outfit and holding mat] Have fun, dear! [kisses Cecil]”"
17,341b,17341b,Farmer's Market Feud,2,1,1,2,Mild — okay for many kids with a parent,"Sex & hookups — Bubble Bass: “[walking] Now! Where to find our next morsel? [looks at a booth where Incidental 5 is giving hot sauce to Incidental 106's tongue] Hot sauce? [Incidental 106 breathes fire that burns Incidental 5] No, thanks.…”"
12,242a,12242a,FarmerBob,1,1,1,1,Usually fine,"Violence & death — Farmer alien: “Thank you kindly for inviting us, old timer. Well, we're off to destroy the universe. [pulls out a ray gun]”"
0,225,00225,Favorite Animated Show,1,1,1,1,Usually fine,
4,61a,0461a,Fear of a Krabby Patty,1,1,1,1,Usually fine,"Sex & hookups — Squidward: “[through his teeth] Mr. Krabs, he is not normal. [SpongeBob starts kissing a Krabby Patty]”"
10,215a,10215a,Feral Friends,1,3,1,3,Moderate — better for older kids / preteens,Sex & hookups — The green moon flies over Pearl and it transforms her into a realistic sperm whale.
8,168b,08168b,Fiasco!,1,1,1,1,Usually fine,"Sex & hookups — Female movie character: “Mine does too. [the movie characters slowly attempt to kiss, until Incidental 117 bursts through the screen]”"
15,315b,15315b,Firehouse Bob,1,1,1,1,Usually fine,
1,16a,0116a,First and Last Aid,1,1,1,1,Usually fine,"Sex & hookups — He awkwardly leaves as Helga kisses and fawns over the bone saw. The scene changes to the Lake Yuckymuck dock, with Perch Perkins' announcement tower nearby."
1,14b,0114b,FitzPatrick,1,1,1,1,Usually fine,"Nudity & bodies — Beelzebass: “It is I, Beelzebass! Evil wizard extraordinaire! [folds arms] And I didn't put my castle in your way! [leans down] You just walked into it, you boob. [his breasts flop down]”"
2,29a,0229a,Five Times the Fun,1,2,1,2,Mild — okay for many kids with a parent,"Nudity & bodies — Sandy: “[wincing] Patrick, you're nude! [holds Patrick out in front of SpongeBob]”"
0,233,00233,Flowers for Sandy,1,1,1,1,Usually fine,
9,202a,09202a,Food Con Castaways,1,1,1,1,Usually fine,Sex & hookups — Squidward: “I'll lure him to sleep with a lovely lullaby.”
13,275a,13275a,Food PBFFT! Truck,1,1,1,1,Usually fine,
1,19a,0119a,Fools in April,1,1,1,1,Usually fine,
8,174b,08174b,For Here or to Go,1,1,1,1,Usually fine,
0,238,00238,France 1,1,1,1,1,Usually fine,
0,239,00239,France 2,1,1,1,1,Usually fine,
2,34b,0234b,Frankendoodle,1,1,1,1,Usually fine,"Sex & hookups — Artist at sea (Doug Lawrence): Hmm... ah! [kisses his pencil, then draws some more strokes. He hums something, but accidentally throws his pencil into the sea. It sinks in the water until it's out of sight]"
8,170a,08170a,Free Samples,1,1,1,1,Usually fine,
5,81,0581,Friend or Foe,1,1,1,1,Usually fine,"Sex & hookups — Potty: “The same kind that wears a ""Kiss the Cook"" apron.”"
13,287a,13287a,Friendiversary,2,1,1,2,Mild — okay for many kids with a parent,"Violence & death — SpongeBob: “[off-screen] Five punchings to the left. [mechanical boxing gloves punch Squidward from above, making him yell in pain. He melts off the conveyor belt and lands on a shell seat.…”"
8,156,08156,Frozen Face-Off,2,1,1,2,Mild — okay for many kids with a parent,"Affairs / cheating — Mr. Krabs: “The race! The million clams! [gasps] I've been trapped in ice, mutinous thieves trying to cheat me out of me winnings. [rattles Squidward]”"
0,245,00245,Frozen Krabby Patty,1,1,1,1,Usually fine,Sex & hookups — The director kisses Patrick and he giggles.
1,19b,0119b,Fun & Done!,1,1,1,1,Usually fine,
13,289b,13289b,FUN-Believable,1,1,1,1,Usually fine,"Sex & hookups — Old Mrs. Perkins kisses Perch's cheek, leaving a lipstick mark. Baby Prunes drives the helicopter up to her."
11,228a,11228a,Fun-Sized Friends,1,1,1,1,Usually fine,Violence & death — Mini SpongeBob and Mini Patrick look at each other. Mini Patrick sees how beaten up Mini SpongeBob is just as Mini SpongeBob sees how pampered Mini Patrick is being.…
5,83c,0583c,Fungus Among Us,1,1,1,1,Usually fine,
4,65b,0465b,Funny Pants,1,1,1,1,Usually fine,
1,9b,019b,Game Night,1,1,1,1,Usually fine,"Sex & hookups — Mr. Krabs: “[kisses Pearl] [sips drink] You know, sometimes I think these adult-only nights are the only thing keepin' me sanity in check.”"
12,242b,12242b,Gary & Spot,2,1,1,2,Mild — okay for many kids with a parent,"Sex & hookups — SpongeBob: “Oh, well, maybe a few more minutes wouldn't hurt. [goes back to sleep with Gary]”"
7,137b,07137b,Gary in Love,1,1,1,1,Usually fine,"Sex & hookups — SpongeBob: “[sets the seaweed noodle stew on the drawing of Mary] Bon appetit, Gary. I made it with extra love. [Gary sees the seaweed noodle stew, which turns into a sculpture of Mary.…”"
2,33b,0233b,Gary Takes a Bath,1,1,1,1,Usually fine,
12,245a,12245a,Gary's Got Legs,1,1,1,1,Usually fine,"Violence & death — Just when the people and their pets are about to beat them up, Gary uses his new legs to kick them. Gary goes to beat up the other people with his new legs."
0,256,00256,Gary's Holiday Sing Along,1,1,1,1,Usually fine,
9,180b,09180b,Gary's New Toy,1,1,1,1,Usually fine,"Violence & death — Patrick: “Confidentially, I'm just here for the free samples. [punches a hole in a bag of worm food and eats some] Mmm, you can really taste the gourmet.…”"
13,290b,13290b,Gary's Playhouse,1,1,1,1,Usually fine,"Sex & hookups — SpongeBob: “That's right. [points to Gary] You! Well, I'm gonna leave you alone to play. [winks] Have fun! [kisses Gary, leaves]”"
1,6a,016a,Gas Station Vacation,2,1,1,2,Mild — okay for many kids with a parent,"Violence & death — Patrick punches the items, but they don't go in. He takes another microwave and shoves it with the rest."
0,260,00260,Gemini,1,1,1,1,Usually fine,
0,261,00261,Germany 1,1,1,1,1,Usually fine,
0,262,00262,Germany 2,1,1,1,1,Usually fine,
1,25b,0125b,Get Off My Lawnie,1,1,1,1,Usually fine,
3,51a,0351a,Get Ouch,2,1,1,2,Mild — okay for many kids with a parent,"Sex & hookups — Pinkeye: “[blows kiss, hops away]”"
0,265,00265,Ghost,1,1,1,1,Usually fine,
4,70b,0470b,Ghost Host,1,1,1,1,Usually fine,
8,162,08162,Ghoul Fools,2,1,1,2,Mild — okay for many kids with a parent,"Nudity & bodies — Ghosts: “♪Oh, we're the ghouls of the briny deep! Under the waves we like to creep. Creeping in coffins with spider webs as ghostly pillows beneath our heads. Oh, we're the ghouls of the briny deep.…”"
6,107a,06107a,Giant Squidward,1,1,1,1,Usually fine,Sex & hookups — Patrick: “Arms are too short. [SpongeBob sprays his arm] Legs are too short. [SpongeBob sprays Squidward's legs] Other arm. [SpongeBob sprays Squidward's other arm] Feet too small. [SpongeBob sprays Squidward's feet] Teeth.…”
1,10b,0110b,Gimme a News Break,2,1,1,2,Mild — okay for many kids with a parent,"Sex & hookups — Harvey: “[kisses Perch and puts a tin foil hat onto him] It's all true, Perch. [close-up shot of Perch's brain-eyes] Just open your brain-eyes and you'll think-see the Martians.…”"
11,240b,11240b,Girls' Night Out,1,1,1,1,Usually fine,"Sex & hookups — Plankton: “I'll meet you there, Eugene honey! [blow kisses] Kiss! [giggles]”"
8,172b,08172b,Glove World R.I.P.,1,1,1,1,Usually fine,Sex & hookups — SpongeBob & Patrick are kissing to his feet.. Cut to Tilt-A-Hurl
16,327b,16327b,Go Fetch!,1,1,1,1,Usually fine,
6,104b,06104b,Gone,1,1,1,1,Usually fine,
5,91a,0591a,Goo Goo Gas,1,1,1,1,Usually fine,"Alcohol / Drugs — Cut to the Krusty Krab, where the old Mr. Krabs is drinking a soda"
4,64b,0464b,Good Neighbors,2,1,1,2,Mild — okay for many kids with a parent,
5,84c,0584c,Good Ol' Whatshisname,1,1,1,1,Usually fine,
9,200,09200,"Goodbye, Krabby Patty?",1,1,1,1,Usually fine,
13,270a,13270a,Goofy Scoopers,1,1,1,1,Usually fine,Sex & hookups — The lights go on. SpongeBob is seen strumming an electric guitar as loud feedback plays. Bongos gets ready at his drum set and plays rapidly.…
11,237,11237,Goons on the Moon,1,1,1,1,Usually fine,"Nudity & bodies — SpongeBob: “[starts floating] Ooh, whoa! I'm flying, I'm flying! [his skirt falls down, revealing his underwear] Whoop! [covers his underwear and laughs]”"
16,321b,16321b,Gorilla Suit Day,1,1,1,1,Usually fine,"Nudity & bodies — Customer: “[gets a pair of underwear thrown at his face, which he slurps up and chews] Mmm.”"
7,139a,07139a,Gramma's Secret Recipe,1,1,1,1,Usually fine,
2,26a,0226a,Grandma's Kisses,1,1,1,1,Usually fine,Sex & hookups — Grandma's Kisses
11,228b,11228b,Grandmum's the Word,1,1,1,1,Usually fine,"Sex & hookups — Karen: “[wipes the cucumbers and lotion off the screen and shows lips puckering up] Oh, kiss me, pipsqueak. I mean, Ray Ray.”"
6,115a,06115a,Grandpappy the Pirate,1,1,1,1,Usually fine,"Nudity & bodies — Mr. Krabs: “It's, it's, it's a pirate never lies! [starts crying] And I've been a dirty liar! Everything you see is a lie! This sail is a lie! [tears down the sail] This crew is a lie!…”"
2,36a,0236a,Graveyard Shift,1,1,1,1,Usually fine,
0,286,00286,Graveyard Shift (voice-over),1,1,1,1,Usually fine,
7,130a,07130a,Greasy Buffoons,1,1,1,1,Usually fine,Gay / Lesbian — Mr. Krabs: “Hmm... Nothing's coming out.”
0,288,00288,Green Stuff Rap,1,1,1,1,Usually fine,"Alcohol / Drugs — Rapper: “Yeah! He's got the green light go! He's bought to show you fishes what he means by dough. Lush lifestyle, like grass, the green's growin' uuuup.…”"
6,110b,06110b,Grooming Gary,1,1,1,1,Usually fine,"Gay / Lesbian — SpongeBob: “[walks onto set where the Perch is doing his newscast from] Gary? [gasps from coming out of Squidward's bathtub] Gary? Oh, hi ya, Squidward.…”"
7,128a,07128a,Growth Spout,1,1,1,1,Usually fine,"Sex & hookups — Mr. Krabs: “[still running] Cucumbers. Squirting me. Flying stuff! [laughing hysterically. He hides in a big rock, only to be revealed that it's Patrick's house. He sees a refrigerator filled with food] Jackpot.…”"
6,119a,06119a,Gullible Pants,1,1,1,1,Usually fine,
0,292,00292,GumShoe SquarePants,1,1,1,1,Usually fine,
1,7a,017a,Hall Monitor,1,1,1,1,Usually fine,
12,257a,12257a,Handemonium,2,1,1,2,Mild — okay for many kids with a parent,"Sex & hookups — SpongeBob: “I'm helping. [laughs; picks Plankton up] Listen to me, Plankton. You can't fight a big monster like that with hate. You can only defeat them with love. [tries to kiss Plankton but is slapped away]”"
16,331b,16331b,Happy Krabby Birthday,1,1,1,1,Usually fine,"Sex & hookups — SpongeBob: “Personal? Aaah! [sits on teddy bear and guesses, Squidward also guesses] What's that? Teddy bear says: ""You will find a clue in Mr. Krabs' house!"" [kisses teddy bear and hands it to Squidward as he runs]”"
1,7b,017b,Hard Time Out,1,1,1,1,Usually fine,Violence & death — Patrick punches himself in the stomach repeatedly.
1,26a,0126a,Hats Off to Space,1,1,1,1,Usually fine,Alcohol / Drugs — The campers' hats are suddenly pulled into the air. A pan across the camp shows more campers losing their hats. Bubble Bass walks out of the general store with a soda-drinking hat.…
4,63,0463,Have You Seen This Snail?,1,1,1,1,Usually fine,"Sex & hookups — Gramma: “Here you are, darling. Let Gramma tuck you in. There you go. Oh, [Gary's sad, precious round eyes sparkle up at Gramma] I almost forgot your good-night kiss. [kisses Gary] Sweet dreams, Miss Tuffsy.…”"
16,328a,16328a,Heart of Garbage,1,1,1,1,Usually fine,"Sex & hookups — SpongeBob: “[hugs him] Welcome home, Squidward! [kisses him]”"
8,178,08178,Hello Bikini Bottom!,1,1,1,1,Usually fine,"Sex & hookups — Mr. Krabs: “[Sobbing] Well, Krusty Krab, I guess... [sniffles] this is goodbye... [kisses the glass and cries mores] Why?! Why?!”"
1,14a,0114a,Help Not Wanted,1,2,1,2,Mild — okay for many kids with a parent,"Sex & hookups — Patrick: “[writing] ""Dear Mom and Dad, please send more underpants."" [flashback to him eating underwear and taking SpongeBob's underwear and eating it as well] ""I ate my last pair and some of SpongeBob's, so please send him some…”"
1,1a,011a,Help Wanted,2,1,1,2,Mild — okay for many kids with a parent,"Nudity & bodies — SpongeBob: “[jumps on the diving board] Look at me, I'm... [jumps up, and leaves his underwear behind] ..naked! [lands inside his pants, then runs toward his exercise room.…”"
1,20a,0120a,Helter Shelter,2,1,1,2,Mild — okay for many kids with a parent,"Nudity & bodies — Their clothes fall off their bodies, exposing their underwear. They all revert to cavemen, roar, and make animal noises. A group of anchovies is walking by."
12,261b,12261b,Hiccup Plague,1,1,1,1,Usually fine,"Sex & hookups — Mrs. Puff: “Oh Eugene, hiccups aren't contagious. [kisses Mr. Krabs]”"
7,147a,07147a,Hide and Then What Happens?,1,1,1,1,Usually fine,
2,28a,0228a,High and Dry,1,1,1,1,Usually fine,
11,230a,11230a,High Sea Diving,1,1,1,1,Usually fine,"Fat-shaming — Inside the house, Gary is spreading lard all over SpongeBob's body."
1,15a,0115a,Hill-Fu,2,1,1,2,Mild — okay for many kids with a parent,"Violence & death — SpongeBob: “Oh, hi, Sandy. What's with all the cool [punches air] punching and [kicks air] kicking and stuff?”"
4,76b,0476b,Hocus Pocus,1,1,1,1,Usually fine,
16,325b,16325b,Hog Huntin',2,1,1,2,Mild — okay for many kids with a parent,"Violence & death — Old Man Jenkins: “Off my porch, stupid man! [tries to stab SpongeBob] I'll poke ya full of holes!”"
0,311,00311,Holiday Party,1,1,1,1,Usually fine,
17,335a,17335a,Home Away from Home,1,1,1,1,Usually fine,
1,19a,0119a,Home ECCH!,2,1,1,2,Mild — okay for many kids with a parent,"Violence & death — Patrick: “No, no. The sheet's got to be completely [moves arm] smoooooth. [holds up a staple gun] And tight.”"
1,5b,015b,Home Sweet Pineapple,1,1,1,1,Usually fine,"Alcohol / Drugs — Nematodes: “Thirsty, thirsty, thirsty, thirsty. [continue to repeat ""thirsty."" They all bounce to SpongeBob's house and take out some straws. Then start drinking up the pineapple house.…”"
8,170b,08170b,Home Sweet Rubble,1,1,1,1,Usually fine,Alcohol / Drugs — Squidward: “[wakes up scared] It's The Big One! It's the end of the world! Invest in gold! Hoard your drinking wa- [looks out the window to see the rotting pineapple leaning against his house. He sighs] I should've known.…”
1,20a,0120a,Hooky,2,2,1,2,Mild — okay for many kids with a parent,"Nudity & bodies — The hook is shown to be also hooked in SpongeBob's underwear, while Pearl and her friends laugh again."
1,15b,0115b,Host-a-Palooza,1,1,1,1,Usually fine,
13,286a,13286a,Hot Crossed Nuts,1,1,1,1,Usually fine,"Violence & death — A fist-shaped smoke cloud punches him out through the back door. He inhales deeply. The smoke fist waves goodbye. SpongeBob tries to open the door, but is unable to."
1,6b,016b,Hot Pearl-tato,2,1,1,2,Mild — okay for many kids with a parent,"Violence & death — SpongeBob and Squidward get picked up and thrown by the sea moose, which uses them as paddle balls on its antlers. The air bottle drops directly into Pearl's blowhole, turning her back to normal.…"
6,101a,06101a,House Fancy,1,1,1,1,Usually fine,
1,16b,0116b,House Hunting,1,1,1,1,Usually fine,
8,165a,08165a,House Sittin' for Sandy,1,1,1,1,Usually fine,Violence & death — Sandy: “Yep. I brought home something real handy. [takes out a ray gun]”
10,207b,10207b,House Worming,2,1,1,2,Mild — okay for many kids with a parent,Sex & hookups — Prickles kisses SpongeBob and goes back inside. SpongeBob gives Prickles a blanket.
17,338b,17338b,How the West Was Dumb,1,1,1,1,Usually fine,Swearing — Sandy: “[walks over to Sparky as he steps out] Good boy. [She feeds him a metallic peach with a screw for a stem]”
0,325,00325,How The You-Know-Who Stole You-Know-What!,1,1,1,1,Usually fine,
0,326,00326,How to Draw SpongeBob SquarePants & His Underwater Buddies,1,1,1,1,Usually fine,
6,327,06327,How to Make SpongeBob SquarePants,1,1,1,1,Usually fine,
14,301b,14301b,Hysterical History,1,1,2,2,Mild — okay for many kids with a parent,"Swearing — Sandy: “Now hold it just a darn minute. [flashback ends, looking at her notebook, and sketches a screw and a ball onto her notebook] Ain't no way these screwball stories are true. Lemme read that plaque.…”"
3,56b,0356b,I Had an Accident,1,1,1,1,Usually fine,"Violence & death — Patrick: “And that's when I... [holds a boxing glove] ...punch him, right? [Sandy gives a bummed look. Patrick and Sandy are jellyfishing outside SpongeBob's house]”"
1,5b,015b,I Smell a Pat,1,1,1,1,Usually fine,"Nudity & bodies — Cecil: “Oh. [runs off, returns grating underwear into the soup, then tosses away grate and underwear] What about now?”"
1,13b,0113b,I Was a Teenage Gary,1,1,1,1,Usually fine,"Nudity & bodies — There's a knock on the door. Squidward is seen outside. The door opens, but the first thing Squidward sees is Gary on SpongeBob's head. He looks down at SpongeBob and reveals a pair of underwear."
7,127b,07127b,I ♥ Dancing,1,1,1,1,Usually fine,"Gay / Lesbian — Agent fish: “[holding a cell phone with an antenna coming out of it] That's right, kid. You got the dazzle, dazzle, dazzle. I love how you did that shuffle into the moonsault, and then stuck the landing!”"
0,333,00333,I'm Urchin You to Leave,1,1,1,1,Usually fine,
2,37b,0237b,I'm with Stupid,1,1,1,1,Usually fine,Sex & hookups — Janet and Marty: “We love you. [both kiss Patrick as he looks even more annoyed and groans]”
2,30b,0230b,I'm Your Biggest Fanatic,1,1,1,1,Usually fine,Violence & death — Kevin: “Punch yourself in the face. [SpongeBob does so with a boxing glove. His face is pushed in a bit] Doesn't that hurt you?”
4,54b,0454b,Ice Cream Headache,1,1,1,1,Usually fine,Violence & death — Ice Cream King: “Let it sink its teeth into this! [He uses a hook to stab the ice cream and whistles] Tack her up!”
3,44b,0344b,Idiot Box,1,1,1,1,Usually fine,
2,24b,0224b,Imitation Krabs,1,1,1,1,Usually fine,"Gay / Lesbian — Mr. Krabs: “Phew, that's okay, me lad. Long as the secret formula's safe again. [takes the bottle] However, that penny's coming out of your paycheck. [both laughing]”"
1,26b,0126b,In a Nut's Shell,1,1,1,1,Usually fine,Nudity & bodies — Narlene: “[opens the shell's butt and waves out underwear on a flag] We give up! We give up!”
4,61a,0461a,In a Space Pickle,1,1,1,1,Usually fine,Violence & death — A pillow wipes across the screen as the scene transitions to Patrick and Quasar walking past some aliens playing jump rope with their tongues.…
1,4a,014a,In Search of Camp Noodist,1,3,1,3,Moderate — better for older kids / preteens,"Nudity & bodies — Narlene: “Why, it's an entire camp of folk who like to wander around in their birthday suits, like, totally naked. [SpongeBob and Patrick laugh, Sandy sighs]”"
14,300b,14300b,In the Mood to Feud,1,1,1,1,Usually fine,
11,231b,11231b,Ink Lemonade,1,1,1,1,Usually fine,"Violence & death — Don the Whale: “[grabs Squidward by the neck] Oh, I'll do better than that, jack! [goes to punch Squidward]”"
12,249b,12249b,Insecurity Guards,1,1,1,1,Usually fine,Nudity & bodies — SpongeBob: “Wow! Your life is so glamorous! [puts an underwear with red hearts on his head]”
0,345,00345,Inside the SpongeBob Animation Studios,1,1,1,1,Usually fine,
8,171b,08171b,InSPONGEiac,1,1,1,1,Usually fine,"Violence & death — SpongeBob: “This pillow is hard as a rock! [punches a pillow and tries to sleep] Oh, what to do?”"
0,347,00347,Intelligent Financial Life,1,1,1,1,Usually fine,
0,348,00348,Interview with Carlos,1,1,1,1,Usually fine,"Violence & death — SpongeBob: “Well, it had everything! It had...DRAMA! [turns flashlight on and points it upwards at his face] It had...ACTION! [punches himself in the face]”"
2,34a,0234a,Is There a Director in the House?,1,1,1,1,Usually fine,Violence & death — Sandy: “[jumps up and screams in Patrick's face while punching him]”
9,185,09185,It Came from Goo Lagoon,2,1,1,2,Mild — okay for many kids with a parent,"Sex & hookups — Sandy: “If that thing pops, we can kiss our beautiful town goodbye! [the townspeople takes Sandy's words too literally and starts to kiss the streets and the buildings and say goodbye to them.…”"
8,175,08175,It's a SpongeBob Christmas!,1,1,1,1,Usually fine,
17,337b,17337b,It's About Mime,1,1,1,1,Usually fine,
4,64b,0464b,It's Too Late... With Plankton,1,1,1,1,Usually fine,"Violence & death — Plankton: “Wait, what's going on? Where's my remote? [Patrick presses the button again] Uh-oh. [an arm grabs Plankton by the antennae, and he is punched, stretched, rolled, and then pulled] Ooh, that felt pretty good.…”"
9,184a,09184a,Jailbreak!,1,1,1,1,Usually fine,Violence & death — Purple Cellmate: “Okay! That does it! Here comes the pain! [Slowly is about to punch the light blue cellmate with jet engine sound effects]”
15,314a,15314a,Jeffy T's Prankwell Emporium,1,1,1,1,Usually fine,Sex & hookups — Bubble transition to Jeffy sleeping with his bag on Squidward's couch.
2,39a,0239a,Jellyfish Hunter,1,1,1,1,Usually fine,
1,7b,017b,Jellyfish Jam,1,1,1,1,Usually fine,
1,3a,013a,Jellyfishing,1,1,1,1,Usually fine,
0,359,00359,Jellyfishing Safety Tips,1,1,1,1,Usually fine,
0,360,00360,Jimmy Neutron's Nicktoon Blast,1,1,1,1,Usually fine,"Alcohol / Drugs — SpongeBob: “Welcome to Nicktoons Studios! We hope you enjoy your visit. While you're on the ride, we ask that you refrain from the following activities: (Smoking, eating, drinking, ripping your pants!…”"
12,253a,12253a,Jolly Lodgers,1,1,1,1,Usually fine,
0,362,00362,Juice Man,1,1,1,1,Usually fine,"Alcohol / Drugs — SpongeBob: “Go long. [throws a green frisbee in the air and then chases after it himself, a fish drinking juice watches SpongeBob run by him but then the frisbee hits him in the head, causing his juice to spill on the sand…”"
1,10a,0110a,Just in Time for Christmas,2,1,1,2,Mild — okay for many kids with a parent,"Sex & hookups — Pat-Tron: “Mistletoe proximity alert. [He opens his body, and a large panel with a pair of lips comes out. It kisses Patrick, who blushes.]”"
3,43a,0343a,Just One Bite,1,1,1,1,Usually fine,"Sex & hookups — SpongeBob: “Coming right up! [flips the patties again] Listen, Squidward, I wanna apologize for before. I was only trying to make you happy. [Squidward moans and groans.…”"
1,19b,0119b,Kamp Kow,1,1,1,1,Usually fine,Sex & hookups — Sandy: “Yep--luckier than kissing a ladybug under a rainbow on your birthday!”
1,14b,0114b,Karate Choppers,1,1,1,1,Usually fine,"Violence & death — SpongeBob: “Well, it goes like this. [stretches his arm to ricochet off a shelf and the ceiling to come at Sandy] Oh, wait, I forgot the punch line. [his arm stops right before hitting Sandy] Oh, yeah.…”"
4,71b,0471b,Karate Island,1,1,1,1,Usually fine,
16,332a,16332a,Karate Pals,1,1,1,1,Usually fine,"Violence & death — Mrs. Puff chops a wooden board in half. Pearl kicks a punching bag away. Karen repeatedly hits a dummy, breaking it into pieces."
7,144b,07144b,Karate Star,1,1,1,1,Usually fine,"Violence & death — Patrick: “Hey, buddy. You still got that bucket of cheese? [SpongeBob tries to perform the Heimlich maneuver on himself, Patrick realizes SpongeBob's choking] Oh, no! He's...…”"
8,171a,08171a,Karen 2.0,1,1,1,1,Usually fine,
13,281b,13281b,Karen for Spot,2,1,1,2,Mild — okay for many kids with a parent,"Nudity & bodies — Karen: “[folding tiny underwear] All right, Plankton. [puts underwear into tiny suitcase and closes it] I managed to fit 12 changes of underwear into your suitcase. [picks up suitcase] Will that be enough for the trip?”"
12,250b,12250b,Karen's Baby,2,1,1,2,Mild — okay for many kids with a parent,Violence & death — Chip mimics every detail of what happened at the arcade. He shows that he was having a fun time playing in one of the videogames by making gun noises.…
16,332b,16332b,Karen's Klatch,2,1,1,2,Mild — okay for many kids with a parent,"Sex & hookups — Plankton: “[gets startled by the laughing, making him drop his blowtorch] What's so funny all of a sudden? [sticks his eye to the window] Look at 'em. I bet they're talking about me. They're laughing at me.…”"
11,238b,11238b,Karen's Virus,2,1,1,2,Mild — okay for many kids with a parent,"Sex & hookups — Mr. Krabs: “[screams and grabs the cash register] Please don't break up our happy home. I forgive you, baby. [kisses the cash register, heads into his office and closes his door]”"
7,131a,07131a,Keep Bikini Bottom Beautiful,1,1,1,1,Usually fine,"Violence & death — Taylor: “That's him, mommy! That's the man who stole my wagon! Beat him to a pulp!”"
9,188a,09188a,Kenny the Cat,1,1,1,1,Usually fine,Violence & death — Kenny: “[screaming] I can't take it! I need oxygen! [punches his body for his oxygen tank which falls to the ground causing the crowd to gasp as he uses the tank and signs in relief]”
12,245b,12245b,King Plankton,1,1,1,1,Usually fine,Violence & death — Karen: “Those are SpongeBob's sea chimps. You don't need to bother with them. I'm going back to my shows now. [turns on the screen and watches her soap opera through the mirror; she sees two women fighting and slapping each…”
17,334a,17334a,Kiss of the Nematode,1,1,1,1,Usually fine,Sex & hookups — Kiss of the Nematode
1,4b,014b,Kitchen Sponge,1,1,1,1,Usually fine,"Nudity & bodies — Mr. Krabs: “Ah, alright. Looks like you are Mr. Plankton's new helper! Uh, um, [pulls up SpongeBob's underwear] SpongeBob.”"
1,10b,0110b,Klopnodian Heritage Festival,1,1,1,1,Usually fine,"Sex & hookups — Cecil wears a shirt that says ""Kiss Me, I'm Klopnodian"" by a T-shirt stand."
12,260a,12260a,"Knock Knock, Who's There?",1,1,1,1,Usually fine,
6,118b,06118b,Komputer Overload,1,1,1,1,Usually fine,
12,265b,12265b,Kooky Cooks,1,1,1,1,Usually fine,"Sex & hookups — Mrs. Puff: “Oh, Eugene! [Mr. Krabs kisses her arm] You know how I love it when you compare me to folding money.”"
3,49a,0349a,Krab Borg,1,1,1,1,Usually fine,"Nudity & bodies — SpongeBob: “Oh, yeah. What color is my underwear? [slaps him again]”"
3,57a,0357a,Krabby Land,1,1,1,1,Usually fine,"Violence & death — SpongeBob: “[puts on his Krusty Krab employee hat] Well, time to punch that clock. [walks into his living room] But not before checking my motivational Quote-a-Day calendar. [calendar reads ""June 21""] You are a winner.…”"
11,222a,11222a,Krabby Patty Creature Feature,1,1,1,1,Usually fine,"Alcohol / Drugs — Bubble Bass: “Really, Krabs? Is this some kind of new promotional gimmick? Surely, you can do better than this, Eugene. I mean, [takes out a pickle from Mr.…”"
0,387,00387,Krabby Patty IRL,1,1,1,1,Usually fine,
0,388,00388,Krabby Patty Jingle,1,1,1,1,Usually fine,"Nudity & bodies — Mr. Krabs: “♪You love me double patties, and the triple patty's fun. Me favorite's the patty-free patty made cheap, it's just a bun. You bought the hatty patty to cover your lack of hair, you tried the briefy patty when you needed…”"
0,389,00389,Krabby Patty Report,1,1,1,1,Usually fine,
6,101b,06101b,Krabby Road,1,1,1,1,Usually fine,Gay / Lesbian — Plankton: “When nobody's there? [makes a purring noise with drool coming out of his mouth at the thought of it]”
4,62b,0462b,Krabs vs. Plankton,1,1,1,1,Usually fine,
5,85b,0585b,Krabs à la Mode,1,1,1,1,Usually fine,"Violence & death — Mr. Krabs: “[gasps] You've gone too far this time, Plankton! You can pummel me employees, [punches SpongeBob through the gut] try to destroy me restaurant, but nobody messes with me thermostat. [boxing bell rings as Mr.…”"
2,34a,0234a,Krabsy the Klown,1,1,1,1,Usually fine,"Violence & death — Krabs: “It was a carefree time in me life, [pan to an illustration of Krabs looking at dice with a magnifying glass] right after I had left me job as a dice inspector.…”"
7,132b,07132b,Kracked Krabs,1,1,1,1,Usually fine,
14,302,14302,Kreepaway Kamp,3,2,1,3,Moderate — better for older kids / preteens,"Sex & hookups — Krabs: “Huh? [reads letter, muttering] I ain't going to some dumb reunion at me old summer camp. [crumples letter] I barely shut that place down in time to avoid all [throws letter away] those health code violations!…”"
7,150a,07150a,Krusty Dogs,1,1,1,1,Usually fine,
16,326b,16326b,Krusty Kafeteria,1,1,1,1,Usually fine,"Alcohol / Drugs — They enter the cafeteria with easy expressions at first, then are shocked to see a bunch of students with empty stomachs craving sustenance as they groan and moan.…"
10,208b,10208b,Krusty Katering,1,1,1,1,Usually fine,
11,233b,11233b,Krusty Kleaners,2,1,1,2,Mild — okay for many kids with a parent,
12,267a,12267a,Krusty Koncessionaires,1,1,1,1,Usually fine,"Violence & death — Squidward: “Now, I if can passes find Claire St. Claire! Oh, I'm sure he met a fellow godstick aficionado play his instrument [along the way, he encounters a guard who tries to beat him up.] Excuse me, Janitor, do you know where…”"
3,50b,0350b,Krusty Krab Training Video,1,1,1,1,Usually fine,"Sex & hookups — Squidward's work station is covered in ketchup and mustard. The octopus is sprawled out sleeping with a dance magazine on his face and a ""Do not disturb"" sign hanging on his left feet. He wakes up."
6,113a,06113a,Krusty Krushers,1,1,1,1,Usually fine,Violence & death — One punches the other one in the stomach repeatedly and other one rips the other champ in half using his knee and crowd is shocked.
2,36b,0236b,Krusty Love,1,1,1,1,Usually fine,"Sex & hookups — Mrs. Puff: “You're a very sweet man, Mr. Krabs. [Mrs. Puff kisses him and his eyes bend into the shape of a heart]”"
4,69a,0469a,Krusty Towers,1,1,1,1,Usually fine,Nudity & bodies — Mr. Krabs: “Quit? You can't quit! [Squidward walks out naked and reenters with Hawaiian-styled clothes. Squidward rings the bell] Welcome to the Krusty Towers... Squidward?!”
12,263b,12263b,Kwarantined Krab,1,1,1,1,Usually fine,"Sex & hookups — SpongeBob: “Wait! I'll go willingly. I feel fine, but... I don't want to risk infecting my friends. Especially you, Squidward. [kisses his cheek. Squidward screams and sprays his cheek with disinfectant.…”"
1,18a,0118a,Lake Crashers,1,1,1,1,Usually fine,"Sex & hookups — SpongeBob: “[laughs, taunting] ♪ Missed me, missed me, now you gotta kiss me! ♪ [imitates kissing]”"
9,199b,09199b,Lame and Fortune,1,1,1,1,Usually fine,"Sex & hookups — Incidental 115: “""Eat your hat and you will fall in love."" [takes her hat off to eat and sees Incidental 114 eating his hat. They both run to each other, dancing and kissing]”"
11,219b,11219b,Larry the Floor Manager,1,1,1,1,Usually fine,"Violence & death — Mr. Krabs: “Oh! [SpongeBob shouts as he crashes into Larry as well. Mr. Krabs, with SpongeBob on his back, and Squidward climb around Larry] I'll murder-lize him!”"
9,195b,09195b,Larry's Gym,1,1,1,1,Usually fine,Violence & death — SpongeBob's muscle punches Squidward's face. The muscles on his belly become six sponges popping up and down. The muscle on his right leg turns into a solid gold block. SpongeBob's nose reflexes.
1,1a,011a,Late for Breakfast,1,1,1,1,Usually fine,"Sex & hookups — Patrick: “Ah! Who's the best pet urchin in the whole world? You are, Ouchie! Give us a kiss!”"
16,325a,16325a,Laundro-Madness,1,2,1,2,Mild — okay for many kids with a parent,"Nudity & bodies — Patrick: “[takes off his pants and puts them in the machine, leaving him butt naked]”"
5,91b,0591b,Le Big Switch,1,1,1,1,Usually fine,"Sex & hookups — SpongeBob: “[Starts with scene of the Krusty Krab zooming in, then we see SpongeBob ringing the bell] Order up! Go now, and bless the taste buds of your lucky connoisseur.…”"
3,43b,0343b,Legend of the Lost Bathroom,1,1,1,1,Usually fine,Sex & hookups — Squidina: “[blowing kisses to the crowd]”
0,414,00414,Legend of the Lost Spatula,1,1,1,1,Usually fine,
0,415,00415,Leo,1,1,1,1,Usually fine,
0,416,00416,Lessons Learned,1,1,1,1,Usually fine,
4,58b,0458b,Li'l Past-Cals,1,1,1,1,Usually fine,
11,235b,11235b,Library Cards,1,1,1,1,Usually fine,
9,181a,09181a,License to Milkshake,2,1,1,2,Mild — okay for many kids with a parent,Alcohol / Drugs — SpongeBob: “I'll show you! I'll show you all I can make a milkshake! [Marches off. Bubble transition to SpongeBob riding a motorcycle to a sunset. Cue montage with the other cadets shooting cherries at the milkshake target.…”
10,210a,10210a,Life Insurance,1,2,1,2,Mild — okay for many kids with a parent,Nudity & bodies — SpongeBob: “I... Umm... [he tries to find a pen in his underwear. He rummages through the underwear and pulls out a rubber duck and a bowling ball]”
0,421,00421,Life Lessons from Bikini Bottom,1,1,1,1,Usually fine,
2,27b,0227b,Life of Crime,1,1,1,1,Usually fine,
12,261a,12261a,Lighthouse Louie,1,1,1,1,Usually fine,"Gay / Lesbian — Mrs. Puff is about to meditate and turns on the music. Quickly afterwards, the meditation music becomes rock music and Mrs. Puff starts rocking.…"
0,424,00424,"Lights, Camera, Pants! (home console)",2,1,1,2,Mild — okay for many kids with a parent,Violence & death — The Sneaky Hermit runs away. The hermit's stunt double (depending on which character) punches and kicks away the jellyfish. He then puts another building onto his back.
0,425,00425,"Lights, Camera, Pants! (PC)",1,1,1,1,Usually fine,
1,426,01426,List of transcripts,1,1,2,2,Mild — okay for many kids with a parent,Sex & hookups — Grandma's Kisses
9,182a,09182a,Little Yellow Book,1,1,1,1,Usually fine,"Nudity & bodies — Squidward: “Oh, oh, this is the best one yet. Get this: ""If I hear the Bikini Bottom Municipal Anthem, I can't help but take off all my clothes and dance around in my underwear!"" [everyone laughs] Quiet, quiet, quiet. Watch this.…”"
13,268b,13268b,Lockdown for Love,1,1,1,1,Usually fine,"Sex & hookups — Karen: “Ray Ray, you've got my cooling fans running on high. [grabs Plankton and knocks down table] Ha, ha. Get over here and give me some sugar! [as Plankton and Karen are about to kiss, Plankton sees Mr.…”"
0,429,00429,Loop dee Loop,1,1,1,1,Usually fine,
2,34b,0234b,Lords of the Larp,2,1,1,2,Mild — okay for many kids with a parent,Violence & death — SpongeBob: “Remember to block with my face. [Kevin stabs him in the face] Good job.”
10,213b,10213b,Lost and Found,1,1,1,1,Usually fine,"Alcohol / Drugs — The candies are shaped like a turkey, a suckling pig, a bottle of wine, and a cornucopia with fruit."
9,190a,09190a,Lost in Bikini Bottom,1,1,1,1,Usually fine,Sex & hookups — SpongeBob: “No! Over the cliff! [he jumps off the cliff into the muck] Through the toxic runoff! [he runs through a sewer pipe] Make a right at the disease-filled sewer pipe!…”
1,3a,013a,Lost in Couch,1,1,1,1,Usually fine,"Nudity & bodies — Bunny: “[next to Rube's china hutch, holding underwear] Where's my big boy? I brought you a change of underwear.”"
7,151b,07151b,Love That Squid,1,1,1,1,Usually fine,
2,29b,0229b,Low Falutin',1,1,1,1,Usually fine,
13,283a,13283a,Ma and Pa's Big Hurrah,1,1,1,1,Usually fine,"Sex & hookups — SpongeBob: “[posh accent] Hello, Mater, Pater. This is truly a pleasure. [blows kiss]”"
2,27a,0227a,Mad Science Squirrel,1,1,1,1,Usually fine,"Sex & hookups — Plankton: “Now, I can finally finish my evil... [takes out a novel] romance novel. The Kiss of the Axe. [begins reading] Oh, you frisky axe. Where will your choppy lips find purchase this time? [messily drinks chocolate sundae]”"
5,69a,0569a,Make Yourself Pat Home,1,1,1,1,Usually fine,
15,319a,15319a,Making Waves,1,1,1,1,Usually fine,
9,197a,09197a,Mall Girl Pearl,1,1,1,1,Usually fine,"Sex & hookups — The episode starts in Mr. Krabs and Pearl's house. Cut to inside Pearl's room, as she is kissing a magazine with Coral Cuties."
11,219a,11219a,Man Ray Returns,1,2,1,2,Mild — okay for many kids with a parent,Nudity & bodies — SpongeBob: “[removes underwear off his head] Oh—your unmentionables.”
13,287b,13287b,Mandatory Music,1,1,2,2,Mild — okay for many kids with a parent,"Swearing — ""Dopey Dick"""
9,196b,09196b,Married to Money,1,1,1,1,Usually fine,"Sex & hookups — Mr. Krabs: “[puts his arm around Cashina and slaps the plate off the table] ...for delicious kisses! [the plate can be heard shattering offscreen; inside Cashina, Plankton groans, then suddenly has to put his hand over his mouth…”"
2,35a,0235a,Mascot Mayhem,2,1,1,2,Mild — okay for many kids with a parent,Violence & death — Mr. Krabs: “[using megaphone] Good work! [puts away megaphone] Now for the cheerin'. [shoots a dart gun] Gimme a K-A-M!”
5,67a,0567a,Mass Gramp-Nosis,1,1,1,1,Usually fine,"Alcohol / Drugs — Squidina: “[sitting on studio chair, wearing blindfold, headphones, and drinking] Not seeing or hearing you, but I'm assuming it's goin' great!”"
0,446,00446,Me Money,1,1,1,1,Usually fine,
1,6a,016a,Mermaid Man and Barnacle Boy,2,2,1,2,Mild — okay for many kids with a parent,"Sex & hookups — SpongeBob: “[approaches Mermaid Man, who is sleeping with his eyes open] Ever alert, Mermaid Man has trained himself to sleep with his eyes open.”"
1,20b,0120b,Mermaid Man and Barnacle Boy II,1,1,1,1,Usually fine,Nudity & bodies — Barnacle Boy: “What?! [The scene cuts to the front door of the pineapple. The door opens.] [While he is pushing Mermaid Man out the door.] I come down in my underwear to open a jar of mayonnaise?! [He stops and the two turn around.]”
2,31a,0231a,Mermaid Man and Barnacle Boy III,1,1,1,1,Usually fine,
3,45a,0345a,Mermaid Man and Barnacle Boy IV,2,1,1,2,Mild — okay for many kids with a parent,"Sex & hookups — Patrick: “[bangs the pickle and Squidward together as if they were to kiss] Mwah, mwah, mwah! [Squidward is disgusted]”"
3,52b,0352b,Mermaid Man and Barnacle Boy V,2,1,1,2,Mild — okay for many kids with a parent,"Sex & hookups — Chief: “Our sources last found E.V.I.L. harassing teenagers up at ""Make-Out Reef."" You know, Make-Out Reef? [makes out with himself] Whoo-ho-hoo!”"
8,163a,08163a,Mermaid Man Begins,1,1,1,1,Usually fine,"Violence & death — Mermaid Man: “[slapping his temples] Oh, sorry, boys... There I was in the ocean, the only human who could breathe underwater. [flashback resumes] Alas, such a life got lonely real fast; I had no other humans to talk to.…”"
5,94b,0594b,Mermaid Man vs. SpongeBob,1,1,1,1,Usually fine,"Nudity & bodies — SpongeBob: “Yeah, but it's so worth it when you get to work in these. [shows his uniform which consists of red underwear and a disguise mask around his eyes, and you hear a five-note poorly played trumpet fanfare]”"
2,30b,0230b,Mermaid Men and Barnacle Boys,1,1,1,1,Usually fine,
10,205b,10205b,Mermaid Pants,2,1,1,2,Mild — okay for many kids with a parent,"Nudity & bodies — SpongeBob and Patrick swing the basket back and forth until they knock the machine over, creating a crack on the floor. The sudden force makes Squidward and Mr.…"
0,456,00456,Mexico 1,1,1,1,1,Usually fine,
0,457,00457,Mexico 2,1,1,1,1,Usually fine,
3,55b,0355b,Mid-Life Crustacean,1,1,1,1,Usually fine,"Sex & hookups — Pearl Krabs: “Good morning, Daddy. [gives him a kiss] I made you breakfast.”"
1,13b,0113b,Mid-Season Finale,1,1,1,1,Usually fine,"Sex & hookups — They kiss, and the audience goes ""awww."" Squidward walks up, wearing a helmet and holding a newspaper bag."
1,6a,016a,Midnight Snack Attack,1,1,1,1,Usually fine,
10,207a,10207a,Mimic Madness,1,1,1,1,Usually fine,Fat-shaming — Patrick: “[imitating SpongeBob] I like cooking with lard! [laughs]”
12,252a,12252a,Mind the Gap,1,1,1,1,Usually fine,"Sex & hookups — Squidward: “At last, I'm cool! Mwah! [blows a kiss and takes a bow with SpongeBob; the dentures fall out of SpongeBob's mouth and Squidward pushes SpongeBob off the stage] Go on, go on— [bumps into the Maître D']”"
3,58a,0358a,Missing Identity,1,1,1,1,Usually fine,
7,130b,07130b,Model Sponge,1,1,1,1,Usually fine,"Nudity & bodies — Director: “[with a German accent] Very well. [through a megaphone] Lose the pants! [a claw snatches SpongeBob's pants, making him naked] Hans! Where's my star?! [a live-action hand comes out of a dressing room and grabs SpongeBob]”"
0,465,00465,Moldy Sponge,1,1,1,1,Usually fine,
14,298a,14298a,Momageddon,1,1,1,1,Usually fine,"Sex & hookups — Mr. Krabs: “[exits kitchen] Okay, that's enough. There'll be no refunds. You see, there is love here. My love for your money! [heart thumps, kisses dollar bill] Mwah. [holds bill closer] You don't want to break us up, do ya?”"
5,88a,0588a,Money Talks,1,1,1,1,Usually fine,"Sex & hookups — Mr. Krabs: “You know what they say: ""Money Talks."" [kisses the dollar]”"
8,161a,08161a,Mooncation,1,1,1,1,Usually fine,"Sex & hookups — SpongeBob: “Oh, Sandy. I'm sorry I activated it! How was I to know it was hooked up to your doorbell?”"
14,301a,14301a,Mooned!,1,1,1,1,Usually fine,
0,470,00470,More Feeling,1,1,1,1,Usually fine,
8,177b,08177b,Move It or Lose It,1,1,1,1,Usually fine,"Alcohol / Drugs — Squidward: “[he is outside his home, with an umbrella on top of him, sitting on a chair, and drinking a cup of tea, happily]”"
0,472,00472,Movie Etiquette,1,1,1,1,Usually fine,
2,31a,0231a,Movie Stars,2,1,1,2,Mild — okay for many kids with a parent,"Sex & hookups — Before they can kiss, a man with a tall top hat sits on front of SpongeBob and Patrick, blocking their view."
11,229b,11229b,Moving Bubble Bass,1,1,1,1,Usually fine,Nudity & bodies — Mama Bass: “[off-screen] Moving? Hah! You can't even do your own laundry! [grunts and throws an underwear at Bubble Bass]”
8,161b,08161b,Mr. Krabs Takes a Vacation,1,1,1,1,Usually fine,
4,69b,0469b,"Mrs. Puff, You're Fired",1,1,1,1,Usually fine,
2,36b,0236b,Much Tofu About Nothing,1,1,1,1,Usually fine,"Sex & hookups — Princess Hamhock: “[angry] I oughta--hmmph! [gets idea] I've got just the thing to [winks] motivate my man. [takes her hat's cloth off and a new one grows back, waves it at Todd] Yoo-hoo, Tofu Todd! [blows kiss, giggles]”"
1,11a,0111a,MuscleBob BuffPants,1,1,1,1,Usually fine,"Violence & death — Sandy: “Ding ding! [punches SpongeBob out of the ring. Later, Sandy starts up her exercise wheel with SpongeBob on it. SpongeBob pants while the wheel goes faster and makes him trip all over the wheel] Feeling the burn?”"
15,316b,15316b,MuseBob ModelPants,1,1,1,1,Usually fine,"Violence & death — Squidward: “[walks away backwards] Y-Y-You don't understand. But-but... [yelps as the kids are now near him, which each rip off a part of their shirts and beat him up as SpongeBob and Patrick run past] Time for an even more direct…”"
11,232a,11232a,Mustard O' Mine,2,1,1,2,Mild — okay for many kids with a parent,"Violence & death — Patrick: “I struck blood! [grabs some of the ketchup and tastes it] Oh, no, it's ketchup. [slurps some more]”"
9,204a,09204a,Mutiny on the Krusty,2,1,1,2,Mild — okay for many kids with a parent,"Violence & death — However, Mr. Krabs is still alive and is beating up the monster inside. He makes the monster spit Squidward out. Squidward frantically runs back into the restaurant crying. Mr.…"
1,10a,0110a,My Fair Nobby,1,1,1,1,Usually fine,
15,317b,15317b,My Father the Boat,1,1,1,1,Usually fine,
13,289a,13289a,My Friend Patty,1,1,1,1,Usually fine,"Sex & hookups — Krabby Patty: “[looking inside SpongeBob's mouth] Great teeth, [SpongeBob's tongue turns into a flexing bicep] healthy tongue... [minty breath comes out of the mouth and kisses it] Minty-fresh breath.…”"
11,231a,11231a,My Leg!,1,1,1,1,Usually fine,"Sex & hookups — Nurse Bazooka: “[kisses Fred] Mwah, mwah, mwah.”"
3,42b,0342b,My Pretty Seahorse,1,1,1,1,Usually fine,
17,339a,17339a,My Tighty Whiteys,1,5,1,5,Heavy — not kid-friendly,Sex & hookups — SpongeBob: “Now they just need a good cleaning! [grunts; his chest reveals what appears to be abs in the shape of paper] On my [deep voice] washboard abs! [laughs and takes his underwear off cleaning it with a blue sponge.…”
12,259b,12259b,My Two Krabses,2,2,1,2,Mild — okay for many kids with a parent,"Sex & hookups — Mrs. Puff: “[laughs] I think we're way past being chums, Eugene. [she kisses Chum Krabs, as SpongeBob and Patrick watch.]”"
3,44a,0344a,Nasty Patty,2,1,1,2,Mild — okay for many kids with a parent,"Nudity & bodies — Mr. Krabs: “[takes a bath in money in his office, sighs in relief, sniffs] That smells like... [gasps] ...the health inspector! [runs up to the kitchen in a yellow towel, says to SpongeBob] Wash your hands! Clean the floors!…”"
1,9a,019a,Nature Pants,1,1,1,1,Usually fine,"Gay / Lesbian — Shows reality of SpongeBob, still dreaming about becoming a jellyfish at the kitchen. The grill is on fire, smoke clearly coming out of it"
1,4a,014a,Naughty Nautical Neighbors,1,1,1,1,Usually fine,"Sex & hookups — Squidward: “Wow. Squidward, this is the best soufflé you have ever created. [blows kiss] Congratulations, chef!”"
6,102b,06102b,Nautical Novice,1,1,1,1,Usually fine,
16,328b,16328b,Near-Mint Plankton,1,1,1,1,Usually fine,"Fat-shaming — Bubble Bass: “Mother, I'll be in the basement! [to the Pickle Patty] You'll be nice and safe in my secure collector's vault. [uses his butt to scan the door and unlock it, much to Plankton's discomfort; inside his vault holds a…”"
14,299b,14299b,Necro-Nom-Nom-Nom-I-Con,1,1,1,1,Usually fine,
5,70a,0570a,Neighborhood Wash,1,1,1,1,Usually fine,
1,21b,0121b,Neptune's Ball,1,1,1,1,Usually fine,"Nudity & bodies — Patrick pulls him out into the present day. He shakes the robe, making the king fall out in just his underwear."
1,19b,0119b,Neptune's Spatula,1,1,1,1,Usually fine,Sex & hookups — King Neptune tail-slams the ground to launch all the ingredients into the air. He then uses magic to assemble the hundreds of burgers. King Neptune laughs while the burgers rain down behind him.…
5,85a,0585a,New Digs,1,2,1,2,Mild — okay for many kids with a parent,"Nudity & bodies — Squidward: “Socks and-- [gasps. socks and underwear are in the register instead of money] What the...? SpongeBob, why is your underwear in the cash register?”"
7,151a,07151a,New Fish in Town,1,1,1,1,Usually fine,
0,500,00500,New Home,1,1,1,1,Usually fine,
4,73a,0473a,New Leaf,1,1,1,1,Usually fine,"Violence & death — Mr. Krabs: “What is this? [takes the flag and looks at it for any secret material] Ha-ha! Very funny, Plankton! But you're gonna have to do a lot better than taking a stab at my illiteracy to offend me.”"
3,53a,0353a,New Student Starfish,2,1,1,2,Mild — okay for many kids with a parent,"Violence & death — Both Patrick and SpongeBob start to punch. The group of students start to quiet down as they notice SpongeBob and Patrick are punching, but no hits are landing, and they're only flailing their arms around in circles"
0,503,00503,Nick DVD Bingo,1,1,1,1,Usually fine,
0,504,00504,Nick Kit Presentation,1,1,1,1,Usually fine,
0,505,00505,Nick or Treat Sweepstakes,1,1,1,1,Usually fine,"Violence & death — As the narrator speaks, SpongeBob sets down a punch bowl and blows up a balloon. He accidentally sucks the balloon in and floats up briefly before the screen transitions to some live action snacks and an address on the…"
0,506,00506,Nick Takes Over the Super Bowl,1,1,1,1,Usually fine,
0,507,00507,Nickelodeon All-Star Brawl 2,1,1,1,1,Usually fine,
0,508,00508,Nickelodeon Blimp,1,1,1,1,Usually fine,
0,509,00509,Nicktoons Battle,1,1,1,1,Usually fine,"Sex & hookups — Debbie Thornberry: “Eww! [jumps in the air and turns on the hair dryer, burning the tips of Helga's hair. She spins and hearts are thrown everywhere. She kisses Chuckie.]”"
0,510,00510,Nicktoons Freeze Frame Frenzy,2,1,1,2,Mild — okay for many kids with a parent,
0,511,00511,Nicktoons Unite! (home console),1,1,1,1,Usually fine,"Violence & death — Jimmy: “Your holograms are right, Timmy. We must work together to stop the Syndicate. I know that you've each defeated these guys individually. That's why I brought you all here. If we combine our knowledge, we can beat them.”"
0,512,00512,Nickverse,1,1,1,1,Usually fine,
5,82b,0582b,Night Light,1,1,1,1,Usually fine,"Alcohol / Drugs — SpongeBob: “Great idea, Mr. Krabs. [that night, he browses Barg'N-Mart wearing his green pajamas and nightcap] Night light, night light... Oh! [sees a whole wall of them in different shapes and colors at the end of an aisle.…”"
1,16b,0116b,Night of the Living Stench,1,1,1,1,Usually fine,"Nudity & bodies — Sandy pulls the shower cloth down to show Squidward, naked, as a woman screams."
17,340a,17340a,Night School Knuckleheads,1,1,1,1,Usually fine,"Violence & death — Lonnie: “Yeah, that's right. We're bad boys. [he, Ronnie and Donnie head over to SpongeBob; punches fist] You got a problem with that?”"
2,31b,0231b,Nite Owls,2,1,1,2,Mild — okay for many kids with a parent,"Violence & death — Narlene: “[screams off-screen as the shack's roof jumps repeatedly from fighting, pokes her foot into Patrick and Sandy's faces, then hits SpongeBob with Nobby; pants as she takes tired punches]”"
1,13a,0113a,Nitwit Neighborhood News,1,1,1,1,Usually fine,"Nudity & bodies — Patrick: “And a laundry pile-up causes a clean underwear shortage! [Ouchie drops down, the screen changes to ""Star Inaction News""] Hmm? [sticks Ouchie on his head, who drills into him and buzzes] Ooh. We have incoming broken news!”"
2,30a,0230a,No Free Rides,1,1,1,1,Usually fine,"Sex & hookups — Harold: “Thank you, Mrs. Puff. I know I speak for everyone when I say that we consider you a member of the SquarePants family. [kisses her hand for a long while]”"
6,120a,06120a,No Hat for Pat,1,1,1,1,Usually fine,"Nudity & bodies — Mr. Krabs: “Sorry, absolutely no refunds. [customers grumble and gang up on Mr. Krabs] Hey. Wait. Hold on there, what's the big idea? [customers tear up his clothes and money flies in the air] Whoa! Whoa! Good Gravy! I'm nak--no!…”"
6,107b,06107b,No Nose Knows,1,1,1,1,Usually fine,
11,221a,11221a,No Pictures Please,1,1,2,2,Mild — okay for many kids with a parent,Sex & hookups — Patrick: “Our first landmark is the kissing stone of the ancients. It is said to bring good luck to all who smooch it. [kisses the stone]”
3,48a,0348a,No Weenies Allowed,2,1,1,2,Mild — okay for many kids with a parent,"Violence & death — Patrick: “Tubby? [Patrick's sadness is quickly replaced by fury and he turns red and snarls with rage as SpongeBob is nervous] Grr! Nobody calls me Tubby! [angrily punches SpongeBob in the eye, leaving a black mark]”"
6,104a,06104a,Not Normal,1,1,1,1,Usually fine,"Nudity & bodies — Patrick: “But first, I'll need a garden hose and a flatbed truck, and I'll need you to remove your trousers. [Cuts to people laughing at SpongeBob who is only in his underwear]”"
2,28b,0228b,"Now Museum, Now You Don't",1,3,1,3,Moderate — better for older kids / preteens,Sex & hookups — Bunny: “[kisses Cecil on the cheek] Mwah! I am so proud of you!”
2,30a,0230a,Nut Madness,1,1,1,1,Usually fine,
11,227b,11227b,Old Man Patrick,1,1,1,1,Usually fine,
1,24b,0124b,Olly Olly Organ Free,1,1,1,1,Usually fine,Violence & death — A fist comes out and punches Patrick into the ceiling. He falls on his back. His stomach climbs out.
4,73b,0473b,Once Bitten,1,1,1,1,Usually fine,"Gay / Lesbian — Mr. Krabs: “Arrgh, alright, but it's coming out of your paycheck.”"
7,137a,07137a,One Coarse Meal,1,1,1,1,Usually fine,"Violence & death — Mr. Krabs: “Ready ammunition! [SpongeBob takes off his Krusty Krab employee hat and it reveals a pea can. Mr. Krabs opens the can with his claw, and he pours all the peas into SpongeBob.…”"
3,46b,0346b,One Krabs Trash,1,1,1,1,Usually fine,"Nudity & bodies — Patrick: “Patrick Star, you are one smart shopper. [picks up his lollipop, now stuck to a pair of underwear, and continues licking the candy side]”"
12,247b,12247b,One Trick Sponge,1,1,1,1,Usually fine,"Violence & death — Mrs. Puff: “[scared] Rodger, we have to move now! Punch it! [as the boat is driving, she accidentally hits a fire hydrant] I think we lost him. [SpongeBob arrives with the cards in his hand. Mrs. Puff makes a small scream]”"
0,532,00532,Operation Krabby Patty,1,1,1,1,Usually fine,
1,9b,019b,Opposite Day,1,1,1,1,Usually fine,"Violence & death — Squidward: “Drum? What drum? [puts the drum on the ground, punches a hole in it, and pulls out a wig] This is just my wig case! See? [puts on the wig, kicks the drum out of the way and frolics around] Come on, SpongeBob, tackle me!”"
8,157b,08157b,Oral Report,2,2,1,2,Mild — okay for many kids with a parent,Nudity & bodies — Sandy: “It has been scientifically proven that [pulls a piece of paper down with a person on it] 85% of speech related stress can be alleviated if the speaker imagines the audience in their underwear.”
0,535,00535,Order Up,1,1,1,1,Usually fine,
10,214b,10214b,Out of the Picture,1,1,1,1,Usually fine,Sex & hookups — SpongeBob lifts Squidward out of the hole as the SpongeBob-snowman comes to life. SpongeBob and Squidward walk over to an arctic sperm whale.
1,12b,0112b,Outhouse Outrage,2,1,1,2,Mild — okay for many kids with a parent,"Sex & hookups — Squidward goes back to his cabin, followed by a mob of fans. Bubble Bass holds them off. Squidward blows everyone kisses."
6,119b,06119b,Overbooked,1,2,1,2,Mild — okay for many kids with a parent,"Nudity & bodies — Sandy: “I apologize for the delay. Now let's continue the demonstration. I give you, the Protogenerator 2000. [she uncovers a large machine with a pump, chamber and vacuum tube, everyone applauds] This device gives a single…”"
15,316a,15316a,Pablum Plankton,1,1,1,1,Usually fine,Nudity & bodies — Plankton: “We did it! Nobody will ever see my naked baby photos again!”
17,340b,17340b,Painfully Employed,1,1,1,1,Usually fine,
1,19a,0119a,Painting with Squidward,2,1,1,2,Mild — okay for many kids with a parent,"Sex & hookups — The machine turns back on, and it goes wild, moving along the stage and eating everyone else's artwork. It approaches Mr. Krabs, who kisses his painting goodbye as the machine eats it as well.…"
0,542,00542,Pants-Casso,1,1,1,1,Usually fine,
2,38b,0238b,Parasite Pals,1,1,1,1,Usually fine,Nudity & bodies — Patrick: “My secret sausages! [SpongeBob inhales his underwear caught in between the sausage links] My secret underwear!”
16,329a,16329a,Pardon My Wand,1,1,1,1,Usually fine,"Sex & hookups — SpongeBob: “[picks up Gary] Gare-bear! Mwah! [kisses him] What a day! I saw Howdini the Great do amazing things, [hiccups] and Sandy didn't believe in magic, [hiccups, summoning a sea bunny] but Howdini made her float up onstage…”"
4,56b,0456b,Partial Recall,1,1,1,1,Usually fine,
3,51,0351,Party Pooper Pants,3,1,1,3,Moderate — better for older kids / preteens,"Sex & hookups — Bird Brains: “♪ Come with me to the land I love, It's not right here, down the street, or up above. It's down below in the deep blue sea. Where SpongeBob lives, and the fun is always free. Down, down, down, to the bottom of the sea.…”"
12,260b,12260b,Pat Hearts Squid,1,1,1,1,Usually fine,"Sex & hookups — Squidward: “[scoffs] Yeah, right. I would make a better Patrick. [he has an epiphany] Wait a minute, that's it! That'll teach him! [grabs SpongeBob] Oh, thanks, SpongeBob! [kisses him and runs off]”"
5,93b,0593b,Pat No Pay,1,1,1,1,Usually fine,
3,47b,0347b,Pat Roast,2,3,1,3,Moderate — better for older kids / preteens,Sex & hookups — Patrick: “[puckers his lips to make out with himself]”
13,270b,13270b,Pat the Dog,1,1,1,1,Usually fine,"Alcohol / Drugs — SpongeBob walks in, drinking a soda. Reacting to what he sees, it squirts out of his holes. The worms are racing and Patrick waves a flag as they pass the finish line. Marvin comes in and gasps.…"
11,225b,11225b,Pat the Horse,1,1,1,1,Usually fine,"Nudity & bodies — Patrick: “A horse. [snores] A horse. [his sand underwear falls off, leaving him naked]”"
1,8a,018a,Pat's A Li'l Sinker,1,1,1,1,Usually fine,"Violence & death — Mrs. Puff: “[slams Patrick onto the shore] [shaking Patrick] Wake up! [slapping Patrick] Wake up, darn you!”"
1,3b,013b,Pat-a-thon,1,1,1,1,Usually fine,"Violence & death — Patrick yells as GrandPat pushes him, the latter chuckling. Patrick then starts going down the track. He gets swallowed by an alligator, and spat out by the other one. He goes through the Wheel of Fire unharmed.…"
3,45a,0345a,Pat-per Route,1,1,1,1,Usually fine,"Sex & hookups — Squidward: “Oh, but I need to get back to my paper route! I'm so close to earning the Golden Lobber award! [his thought cloud shows an award with a fist clenching a newspaper] The annual award given to the very best paperboys!…”"
4,60a,0460a,Pat-Tathlon,2,1,1,2,Mild — okay for many kids with a parent,"Sex & hookups — Pat the Hapless: “No secret, Perch. Just hard work. [flexes his bicep, then kisses it]”"
12,556,12556,Patchy's Playlist,1,1,1,1,Usually fine,
11,234a,11234a,Patnocchio,2,1,1,2,Mild — okay for many kids with a parent,Violence & death — Patrick: “High-five! [high-fives a civilian with Plankton in his hand] High-five! [high-fives another] Low-five! [low-fives a civilian] High-five! [high-fives SpongeBob] High-five! [high-fives a tough guy] High-five!…”
0,558,00558,Patrick Reacts to a Football Game!,1,1,1,1,Usually fine,"Affairs / cheating — [laughs] Whoa, whoa, whoa, whoa! Casting magical spells to make the ball move like that. It should be illegal. He's cheating."
3,43a,0343a,Patrick Show Land,1,1,1,1,Usually fine,Sex & hookups — Bunny and Cecil: “[kissing] Mwah!”
4,68a,0468a,Patrick SmartPants,1,1,1,1,Usually fine,
0,561,00561,Patrick Star Checks His Instaclam,1,1,1,1,Usually fine,
1,24b,0124b,Patrick Takes the Cake,1,1,1,1,Usually fine,
13,276b,13276b,Patrick the Mailman,2,1,1,2,Mild — okay for many kids with a parent,"Sex & hookups — SpongeBob: “Special delivery for Fred! [throws an envelope in Fred's direction, who is about to kiss a woman when it lands in between them]”"
0,564,00564,Patrick the Snowman,1,1,1,1,Usually fine,
9,194a,09194a,Patrick! The Game,1,1,1,1,Usually fine,
1,11b,0111b,Patrick's Alley,1,1,1,1,Usually fine,"Violence & death — Patrick: “[to puppet] I think your magic word is broken! [as puppet] Argh! You moronic, imbecilic dimwit! [puppet punches him in the face multiple times, and he falls down]”"
10,214a,10214a,Patrick's Coupon,1,1,1,1,Usually fine,
1,17b,0117b,Patrick's Got a Zoo Loose,3,1,1,3,Moderate — better for older kids / preteens,Violence & death — Patrick: “Toaster! You're toast! [fires a ray gun at the shapeshifter]”
1,26b,0126b,Patrick's Prison Pals,1,1,1,1,Usually fine,"Nudity & bodies — Sockeye has to vomit and runs to the bathroom. He opens up the toilet, but it's Tinkle, who roars and scares him. He swallows his vomit and screams.…"
2,36b,0236b,Patrick's Star,1,1,1,1,Usually fine,"Sex & hookups — Patrick: “It's my baby star. I named him Gunther, and I love him. [kisses Gunther, which burns his mouth off]”"
8,160a,08160a,Patrick's Staycation,1,1,1,1,Usually fine,"Gay / Lesbian — SpongeBob: “[coming out of the black smoke with a burnt patty on a plate] Mr. Star, your meal is ready. [the Krabby Patty dissolves into dust and is blown away by the wind] Patrick, where is he? [Squidward screams] Ah!”"
12,264b,12264b,Patrick's Tantrum,1,1,1,1,Usually fine,
9,180a,09180a,Patrick-Man!,1,1,1,1,Usually fine,"Nudity & bodies — Patrick: “[gets out of SpongeBob's chair.] I gotta figure out what to do in my life. [Patrick steps on a Mermaid Man doll that says: ""Fight evilllllllll!"". Patrick then picks up the toy] Awww, I wish I was a superhero.…”"
3,47a,0347a,Patrickle Jokes,1,1,1,1,Usually fine,"Nudity & bodies — Squidina: “Good thing I got it all on tape. Now, come on. [she and Patrick open another door] Dad? [Cecil walks up to an aiming site] What's he doing here... in his underwear?”"
6,108a,06108a,Patty Caper,1,1,1,1,Usually fine,"Gay / Lesbian — Patrick: “[with bad breath coming out, implying he ate Plankton's patty] Good question.”"
2,25b,0225b,Patty Hype,1,1,1,1,Usually fine,"Sex & hookups — ""Grandma's Kisses"""
3,46a,0346a,Patty Poo,1,1,1,1,Usually fine,"Sex & hookups — Patrick, Squidina, Bunny, and Cecil: We love you, Patty Poo! [kiss Patty Poo] Mwah!"
1,12a,0112a,Pearl Wants to Be a Star,1,1,1,1,Usually fine,"Violence & death — A younger GrandPat jumps into the trench, rips off his shirt, and spins around to punch the enemies. He stands atop the soldiers as fireworks blare. Mr. Krabs tears through the thought bubble."
6,102a,06102a,Penny Foolish,1,1,1,1,Usually fine,
7,152b,07152b,Perfect Chemistry,1,1,1,1,Usually fine,Sex & hookups — Sandy: “So where do I hook up my teleporter?”
5,96,0596,Pest of the West,1,1,1,1,Usually fine,"Sex & hookups — Sandy: “Gross! Don't touch that, SpongeBob! Eeewww! What are you doing?! [SpongeBob wipes the poop off the statue to reveal gold of his great-great-great-great-great-great-great grandfather] That boy ain't hooked up right.”"
6,118a,06118a,Pet or Pests,1,1,1,1,Usually fine,
8,164b,08164b,Pet Sitter Pat,1,1,1,1,Usually fine,
14,298b,14298b,Pet the Rock,1,1,1,1,Usually fine,"Violence & death — Patrick: “Woah! Rolly, you got big! [punches a hole in the wall and grabs a telephone from it] SpongeBob?”"
2,38b,0238b,Pick Patrick's Path,2,1,1,2,Mild — okay for many kids with a parent,Sex & hookups — Patrick: “Ma'am! Ma'am! [ominously] Can I kiss your baby?”
1,6b,016b,Pickles,1,2,1,2,Mild — okay for many kids with a parent,"Sex & hookups — SpongeBob: “Wait, this isn't right either. [lays down on his back] Nope. [he is between each railing of the ladder] Uh-uh. [tries sleeping with a mattress over his head] Negative.…”"
5,93a,0593a,Picture Day,1,1,1,1,Usually fine,
0,588,00588,Pie,1,1,1,1,Usually fine,
16,330,16330,Pigskin Pearl,1,1,1,1,Usually fine,"Sex & hookups — SpongeBob: “Don't worry! How could we lose? We've got Pearl on our side! [blow kisses a small heart at Mr. Krabs' eyestalk, much to the crab's discomfort]”"
6,125a,06125a,Pineapple Fever,1,1,1,1,Usually fine,Nudity & bodies — he jumps out of his security guard costume leaving on his underwear and jumps on Squidward's back
9,203a,09203a,Pineapple Invasion,1,1,1,1,Usually fine,
12,244b,12244b,Pineapple RV,1,1,1,1,Usually fine,"Sex & hookups — SpongeBob: “[chuckles] Are you sure about that, Squidward? [pulls out the flower] Ohh, poor thing just needs some love. [pours water into the pot and kisses it]”"
15,313b,15313b,Pinned,1,1,1,1,Usually fine,
0,594,00594,Pisces,1,1,1,1,Usually fine,
1,5a,015a,Pizza Delivery,1,1,1,1,Usually fine,
14,300a,14300a,PL-1413,1,1,1,1,Usually fine,Sex & hookups — Lady: “[kissing shoe before throwing it in] Mwah!”
13,277b,13277b,Plane to Sea,1,1,1,1,Usually fine,
8,169b,08169b,Planet of the Jellyfish,1,1,1,1,Usually fine,"Sex & hookups — SpongeBob: “[to Jellien] Tonight, you'll sleep with me little jelly. Goodnight, jellyfish. Goodnight, Gary! Heh, goodnight little jelly. [sleeps. The Jellien tries to climb on SpongeBob, but he wakes up] Ah, I can't sleep.…”"
13,288b,13288b,Plankton and the Beanstalk,1,1,2,2,Mild — okay for many kids with a parent,"Sex & hookups — Jack kisses the photo of his wife and, not paying attention, bumps into a metal wall."
10,209b,10209b,Plankton Gets the Boot,2,1,1,2,Mild — okay for many kids with a parent,"Sex & hookups — Male Actor: “Oh, my love, what a fool I've been. You've always been the only one for me. [kisses his love]”"
11,235a,11235a,Plankton Paranoia,1,1,1,1,Usually fine,
0,602,00602,Plankton Pays,1,1,1,1,Usually fine,
10,211a,10211a,Plankton Retires,1,1,1,1,Usually fine,
1,3b,013b,Plankton!,1,1,1,1,Usually fine,"Alcohol / Drugs — Karen Plankton: “Seaweed: 50% Sea, 50% Weed. [a picture of the seaweed appears on the screen]”"
3,58b,0358b,Plankton's Army,1,1,1,1,Usually fine,Alcohol / Drugs — Clem: “And what about root beer?”
0,606,00606,Plankton's Color Nullifier,1,1,1,1,Usually fine,
8,163b,08163b,Plankton's Good Eye,1,1,1,1,Usually fine,Swearing — Cut to Plankton screwing a brace onto his head
0,608,00608,Plankton's Holiday Hits,1,1,1,1,Usually fine,"Violence & death — Plankton: “[dancing, holding a microphone while singing to the real tune] ♪ Deck the hall with fists of fury / [punching at the screen] Ha ha ha ha ha, ha ha ha ha. ♪ [wipes sweat off and hangs tongue]”"
12,264a,12264a,Plankton's Intern,2,1,1,2,Mild — okay for many kids with a parent,"Sex & hookups — Pearl: “[now wearing a ski mask; kisses her father] Thanks for the advice, daddy. I've already got a promotion and I'm working an extra shift tonight. Love you!”"
12,246a,12246a,Plankton's Old Chum,1,1,1,1,Usually fine,Sex & hookups — Man #3: [holds up a lump of rotten chum with a toe in it] Gristle toe? [shares a kiss with Nancy Suzy Fish]
9,186b,09186b,Plankton's Pet,1,1,1,1,Usually fine,"Violence & death — Incidental 104, Incidental 46: [overlap talking] You monster!/How dare you?! [beat him up with an umbrella, a purse, and a walker respectively]"
0,612,00612,Plankton's Plan,1,1,1,1,Usually fine,
6,108b,06108b,Plankton's Regular,1,1,1,1,Usually fine,
0,614,00614,Plankton's Robotic Revenge,1,1,1,1,Usually fine,Violence & death — Mr. Krabs: “Not that part! There's another key! We need to get there and beat him to it! C'mon!”
0,615,00615,Plankton's Special Sinister Commentary,2,1,1,2,Mild — okay for many kids with a parent,"Violence & death — Plankton: “Ohh! [laughs] They almost got nailed by those boards. Hey that's a good one, I'm gonna write that down. ""Nailed, by, those, boards."" That's pretty good.…”"
17,338a,17338a,Plankton's Squeeze Play,1,1,1,1,Usually fine,"Sex & hookups — Plankton: “[pointing angrily at Mr. Krabs] You better sleep with one eye stalk open, Krabs! [Mr. Krabs yawns and walks away] I'll get your formula! I will!”"
0,617,00617,Plankton. A Thank You Would Be Nice.,1,1,1,1,Usually fine,
0,618,00618,Pool,1,1,1,1,Usually fine,
6,112a,06112a,Porous Pockets,1,1,1,1,Usually fine,
0,620,00620,Porthole,1,1,1,1,Usually fine,
13,273a,13273a,Potato Puff,1,1,1,1,Usually fine,
3,60b,0360b,Pranks a Lot,1,2,1,2,Mild — okay for many kids with a parent,"Nudity & bodies — Tom: “And on your right, if you look, you'll see two naked guys fighting over a can of paint!”"
2,27a,0227a,Prehibernation Week,1,1,1,1,Usually fine,"Nudity & bodies — Sandy: “SpongeBob?! [SpongeBob struggles to get free and eventually does, but leaves his pants stuck on the plant] SpongeBob? [walks up to SpongeBob's pants] Where are you, little square dude? [gasps] SpongeBob's tie!…”"
2,32a,0232a,Pressure,1,1,1,1,Usually fine,
1,21b,0121b,Prickly Pests,1,1,1,1,Usually fine,
2,37a,0237a,Procrastination,1,1,1,1,Usually fine,"Sex & hookups — SpongeBob: “[SpongeBob is sitting at his desk] Okay, Gary, no goofin' off! I am about to write the greatest essay of all time. Like most great essays, it will be written on... paper.…”"
6,117b,06117b,Professor Squidward,1,1,1,1,Usually fine,
9,192b,09192b,Pull Up a Barrel,1,1,1,1,Usually fine,Alcohol / Drugs — Mr. Krabs: “Get down to the cargo-hold and check on the captain! [Mr. Krabs uses his telescope as a sword as SpongeBob goes for the captain.] Charge! Hup! Hey! Whoop! Whoa! Hi-yah! Woo!…”
0,629,00629,Pumpkin Carving,1,1,1,1,Usually fine,
2,35b,0235b,Putt Up or Shut Up,1,1,2,2,Mild — okay for many kids with a parent,"Swearing — Wise kraken: “Hey, thanks, kid. I got a million of 'em. How many golfers does it take to screw in a lightbulb?”"
1,3a,013a,Quest for Tire,1,1,1,1,Usually fine,"Alcohol / Drugs — A black truck is drinking from a puddle of oil, the campers hide behind rocks to see this."
1,1b,011b,Reef Blower,1,1,1,1,Usually fine,
1,23a,0123a,Regi-Hilled,1,1,2,2,Mild — okay for many kids with a parent,"Swearing — The episode opens with a shot of Regigilled's alarm clock as Regigilled wakes up. He turns off the alarm clock. Outside the Yacht Cabin, a clam is snoring. Regigilled turns on the cabin lights and turns on the radio.…"
0,634,00634,Remodeling,1,1,1,1,Usually fine,
8,168a,08168a,Restraining SpongeBob,1,1,1,1,Usually fine,"Fat-shaming — Dave: “Yes, I would like two Double Fried Kelp Fritters, three Krusty Krab Cream Filled Corals, and four Triple Fatty Krabby Patties. Is that too much?”"
5,66a,0566a,Retreat!,1,1,1,1,Usually fine,"Nudity & bodies — Patrick: “[starts the camera for the show] Hey, folks! Welcome to an extra intense segment of The Patrick Show that we call: Scared In Your Underwear.…”"
1,20b,0120b,Reveille Revolution,1,1,1,1,Usually fine,"Sex & hookups — A woman is heard giggling. Krabs leans in to kiss the money bag, but Squidward's clarinet comes out of it, playing badly. Krabs is startled and falls out of the boat, bursting his dream cloud and waking him up."
0,638,00638,Revenge of the Flying Dutchman (home console),1,1,1,1,Usually fine,"Gay / Lesbian — Mr. Krabs: “[laughs] Of course, you know this is coming out of your paychecks.”"
13,285b,13285b,Ride Patrick Ride,1,1,1,1,Usually fine,
1,2b,012b,Ripped Pants,1,2,1,2,Mild — okay for many kids with a parent,"Nudity & bodies — SpongeBob: “When I ripped... [his underwear starts ripping] ...my pants. [starts to sing] I thought that I had everybody by my side, but I went and blew it all sky-high, and now she won't even spare a passing glance...…”"
5,83a,0583a,Rise and Shine,1,1,1,1,Usually fine,Nudity & bodies — Patrick: “[cuts to Patrick sleeping on his recliner. The alarm goes off and he panics] Huh? What? Huh? No! [screaming] What's making that noise? Hu-huh? [squints his eyes to see the alarm] Oh.…”
1,17b,0117b,Rock Bottom,1,1,1,1,Usually fine,"Nudity & bodies — SpongeBob: “Patrick, I think we're on the wrong... [The bus drives down at a 90-degree angle steep road as SpongeBob and Patrick yell. The alarm sounds, and the two fly back, hit the back of the bus and end up looking flattened.…”"
17,342b,17342b,Rock Bottom Games,1,1,1,1,Usually fine,Sex & hookups — Perch: “Sandy is making Fred kiss the wall!”
3,49b,0349b,Rock-a-Bye Bivalve,1,1,1,1,Usually fine,"Sex & hookups — Patrick: “I guess he's all grown up. [Junior kisses SpongeBob then flies off] Hey, what about Daddy? [Junior drops a coconut on Patrick's head as payback for his laziness and then kisses him] That's my boy.”"
7,138b,07138b,Rodeo Daze,1,1,1,1,Usually fine,
5,86a,0586a,Roller Cowards,1,1,1,1,Usually fine,"Violence & death — Patrick: “Oh, yeah? [punches his reflection, without breaking the glass] I thought we settled this the last time! [cut to SpongeBob still hitting himself in the head with the ice cream]”"
4,57b,0457b,Rube Tube,1,1,1,1,Usually fine,"Nudity & bodies — Patrick heart deflates. A miniature version of himself inside his chest cavity presses button, sounding an alarm. Up in the brain, a larger version of Patrick wearing a cowboy hat and underwear walks in and slaps the…"
4,77b,0477b,Rule of Dumb,1,1,1,1,Usually fine,
0,649,00649,Russia 1,1,1,1,1,Usually fine,
0,650,00650,Russia 2,1,1,1,1,Usually fine,
9,186a,09186a,Safe Deposit Krabs,1,1,1,1,Usually fine,"Sex & hookups — Patrick: “Hey, SpongeBob! I got an idea! Let's use this grappling hook! [throws the grappling hook up and it catches onto the edge of the roof. SpongeBob climbs up the rope, while Patrick piggybacks looking bored.…”"
4,62a,0462a,Safety Worst,1,1,1,1,Usually fine,"Sex & hookups — Robodina: “Alwyas trust a robot! [shows up onscreen with a title that says ""Robot Revolution: It's Inevitable!"" and a picture of Patrick sleeping with Killtron having the word ""Safe"" on him] Robots are here to protect you!…”"
0,653,00653,Sagittarius,1,1,1,1,Usually fine,
2,38a,0238a,Sailor Mouth,1,1,1,1,Usually fine,Sex & hookups — Incidental 119: “[clearly disgusted] Do you kiss your mother with that mouth? [picks up the garbage bags and leaves]”
0,655,00655,Saloon Door Sorrows,1,1,1,1,Usually fine,
9,203b,09203b,Salsa Imbecilicus,1,1,1,1,Usually fine,
13,281a,13281a,Salty Sponge,3,1,1,3,Moderate — better for older kids / preteens,"Sex & hookups — The episode starts with SpongeBob exiting his house, ready to go to the Krusty Krab for work. He kisses Gary goodbye and goes to see the mailfish in front of his house, as they exchange happy looks at each other.…"
15,307a,15307a,Sammy Suckerfish,1,1,1,1,Usually fine,"Sex & hookups — SpongeBob: “[throws his spatula onto a hanger while pointing] Nice flippin' today, Spatty. Great grill work, [slaps the grill, creating a flame] Grilly. [points to the flame] And we couldn't have done it without you, Flamey.…”"
9,193a,09193a,Sanctuary!,1,1,1,1,Usually fine,"Alcohol / Drugs — SpongeBob giggles as he is feeding the baby snails, but Patrick sighs sadly and leaves as he is being rejected. Bubble transitions to SpongeBob continuing to take care of the snails.…"
6,121a,06121a,Sand Castles in the Sand,2,1,1,2,Mild — okay for many kids with a parent,Violence & death — Patrick: “[has a robot already built that punches through his own castle] I like you this much! [picks up SpongeBob's tank with SpongeBob screaming inside]”
0,661,00661,Sandy Cheeks Explains a Turnover,1,1,1,1,Usually fine,
14,306,14306,Sandy's Country Christmas,1,1,1,1,Usually fine,Sex & hookups — Santa: “Of course. [holds up a heart and flowers] Happy Valentine's Day! [kisses Sandy] Mwah. [falls over and groans]”
9,201a,09201a,Sandy's Nutmare,1,1,2,2,Mild — okay for many kids with a parent,"Sex & hookups — Sandy: “[humming cheerfully] Aw, I hope this is the pick-me-up you needed ole' girl. [an acorn grows and falls onto Sandy's head] Well, kiss my grits! This here's the biggest acorn I ever did see!…”"
12,249a,12249a,Sandy's Nutty Nieces,1,1,1,1,Usually fine,Nudity & bodies — SpongeBob: “Mm? [hands her a pair of underwear]”
1,8a,018a,Sandy's Rocket,3,1,1,3,Moderate — better for older kids / preteens,Violence & death — Bubble transitions to Sandy pumping a gun and SpongeBob comes to watch her.
0,666,00666,Sandy's Vacation in Ruins,1,1,1,1,Usually fine,
13,293b,13293b,"Sandy, Help Us!",1,1,1,1,Usually fine,"Sex & hookups — Sandy smacks her head and warbles. Inside her head, a smaller Sandy is in an exercise wheel hooked up to Sandy's brain. She wakes up, runs in the wheel, then hears an alarm ringing.…"
2,40b,0240b,"Sandy, SpongeBob, and the Worm",1,1,1,1,Usually fine,"Gay / Lesbian — Sandy: “Course I am! I'm going in, and I ain't coming out 'til I got me a big heaping plate of worm stew. [walks into the cave; SpongeBob hides behind a rock and shudders; we hear Sandy inside the cave] Aha!…”"
11,223a,11223a,Sanitation Insanity,2,1,1,2,Mild — okay for many kids with a parent,"Sex & hookups — SpongeBob: “Oh, he's not an enemy, Squidward. He's my best friend. Besides you. [kisses Squidward in the nose] Muah.”"
0,670,00670,Saving the Surf,1,1,1,1,Usually fine,
13,276a,13276a,Say Awww!,1,1,1,1,Usually fine,"Violence & death — Plankton tries to blast her with his ray gun, but the old lady gets closer to him and pokes him."
0,672,00672,SB BK,1,1,1,1,Usually fine,
1,14a,0114a,SB-129,1,1,1,1,Usually fine,"Sex & hookups — Squidward: “[kisses his clarinet] I think I'll treat Bikini Bottom to some real music. [He gets ready to play his clarinet, and then SpongeBob's alarm clock goes off, sending Squidward's clarinet into his throat] Yow!…”"
1,13a,0113a,Scaredy Pants,1,1,1,1,Usually fine,"Violence & death — Patrick: “Oh, boy, that was something. Your costume really packs a punch.”"
1,25b,0125b,Scaredy Squirrel,1,1,1,1,Usually fine,"Racism — Sandy: “All these ding dong dang doors look alike! [looks at her feet] Huh? Huh? [she's stepping in slime] Oh. Aah, aah, aah! [screams]”"
11,224b,11224b,Scavenger Pants,1,1,1,1,Usually fine,Violence & death — The Boxing Begonia comes to life and starts beating up Squidward with boxing gloves.
0,677,00677,Sea Food and Eat It,1,1,1,1,Usually fine,
4,58a,0458a,Sea Haw,3,1,1,3,Moderate — better for older kids / preteens,Violence & death — The stink turns into a hand and punches SpongeBob away. Curtain transition to Granny Tentacles' house.
0,679,00679,Sea Horse Riding Made Easy,1,1,1,1,Usually fine,
13,274b,13274b,Sea-Man Sponge Haters Club,2,1,1,2,Mild — okay for many kids with a parent,"Violence & death — In Squidward's living room, Plankton is punching his speaking sponge."
4,65a,0465a,Selling Out,1,1,1,1,Usually fine,"Sex & hookups — Mr. Krabs: “You better believe there's a problem! I used to kiss the ground ya walked on, Blandy! But after seein' this, I wouldn't even spit in your direction! Krabby Patties are supposed to be made by hand, one at a time!”"
12,251b,12251b,Senior Discount,1,1,1,1,Usually fine,"Sex & hookups — Mr. Krabs: “[kisses some dollars] Hmm, I love you. [kisses some dollars] And I love you. [kisses some dollars] And I love you. [kisses some dollars and stuffs them in his pants] Heh—heh—heh.…”"
8,155b,08155b,Sentimental Sponge,1,1,1,1,Usually fine,
0,684,00684,Separation Anxiety,1,1,1,1,Usually fine,
2,33a,0233a,Shanghaied,1,1,1,1,Usually fine,"Alcohol / Drugs — Drinking noises were heard before we go to the Flying Dutchman laying down and relaxing as the remains of the liquids from SpongeBob, Patrick and Squidward's beverage forms. He pats his belly happily."
9,198a,09198a,Sharks vs. Pods,1,1,1,1,Usually fine,"Violence & death — gets 100% lard patty oil and dips his head in it, and then has some hair, he uses his hair to hit a punching bag and then spins around two spatulas and slices almost everything in the room."
14,305b,14305b,Sheldon SquarePants,1,1,1,1,Usually fine,"Sex & hookups — Margaret: “All right, [pointing] you two boys have fun. [kisses Plankton and SpongeBob before leaving with Harold]”"
12,251a,12251a,Shell Games,1,1,1,1,Usually fine,Swearing — Patrick and Tony enters inside the salon. Reg is seen hitting a bag and two men are getting shaved and having a haircut. One fish is getting his nails a makeover until he smashes them.…
4,61b,0461b,Shell of a Man,2,1,1,2,Mild — okay for many kids with a parent,"Sex & hookups — SpongeBob: “Every night, I tuck me wallet in and tell it a bedtime story. [pulls covers over the wallet] Goodnight, wallety. [kisses the wallet]”"
6,121b,06121b,Shell Shocked,1,1,1,1,Usually fine,
7,147b,07147b,Shellback Shenanigans,1,1,1,1,Usually fine,"Violence & death — Gary beats up Plankton, while Mr. Krabs hears this, and he sees Plankton running out the door."
11,232b,11232b,Shopping List,2,1,1,2,Mild — okay for many kids with a parent,"Violence & death — Plankton: “Huh? Don't you run dry on me, baby! [punches the udder]”"
0,693,00693,Show Design,1,1,1,1,Usually fine,
0,694,00694,Shrek,1,1,1,1,Usually fine,
1,14a,0114a,Shrinking Stars,1,1,1,1,Usually fine,"Violence & death — Patrick: “[has a futuristic gun on his head] Oh, I got something stuck to my melon.”"
6,117a,06117a,Shuffleboarding,1,1,1,1,Usually fine,Nudity & bodies — Man Ray: “Ahhhh! Grrr... You! It's on now! Filthy shorts attack! [Flings underwear at SpongeBob's face]”
5,66b,0566b,Sidekick Search,1,1,1,1,Usually fine,"Violence & death — Man Ray: “[surprised] Mermaid Man? [expression changes to anger] Impossible! [cut to Mermaid Man punching Man Ray. Text shows up on the screen saying ""PUNCH!""]”"
5,89b,0589b,Sing a Song of Patrick,1,1,1,1,Usually fine,"Violence & death — Fred: “Let's get 'em, boys! [They start to chase them. But, SpongeBob and Patrick found a cure. They beat them up but SpongeBob and Patrick play with instruments wildly.…”"
6,122b,06122b,Single Cell Anniversary,1,1,1,1,Usually fine,"Sex & hookups — Plankton: “[screeches to a halt and turns around, seeing his gift] The Krabby Patty Formula?! [immediately perks up, jumps up onto the bottle and gives it two kisses] How did you get it?!”"
14,294a,14294a,Single-Celled Defense,2,1,1,2,Mild — okay for many kids with a parent,"Violence & death — Shady salesman: “Of course. [opens coat, revealing some weapons] I always deliver. [hands a small ray gun to Plankton.]”"
13,286b,13286b,Sir Urchin and Snail Fail,1,1,1,1,Usually fine,"Nudity & bodies — Patrick: “[shows his Sir Urchin underwear] Yeah, Sir Urchin! You know, the guy that goes... [hits self with a hammer] ""Why, you!"" [laughs] He's so funny.”"
4,53a,0453a,Sitcom Stars,2,1,1,2,Mild — okay for many kids with a parent,"Sex & hookups — Bunny: “See, hon? Everything turned out just dandy. [she and Cecil kiss]”"
4,64a,0464a,Skill Crane,1,1,1,1,Usually fine,"Violence & death — Gaptooth thug: “Just where do ya think you're goin', crane master?! [all workers surround Squidward, ready to beat him up]”"
13,278b,13278b,Slappy Daze,2,1,1,2,Mild — okay for many kids with a parent,"Sex & hookups — Slappy: “I'll be right back, Master. Oh, I almost forgot. [kisses Nosferatu and giggles eerily, closing the door behind him]”"
1,15a,0115a,Sleepy Time,2,1,1,2,Mild — okay for many kids with a parent,"Violence & death — Mr. Krabs: “[ties SpongeBob up with a rope tied to a plunger sticking out of a gun] You're fired! [Fires the gun, shooting the plunger and tossing SpongeBob with it]”"
6,105b,06105b,Slide Whistle Stooges,1,1,1,1,Usually fine,Violence & death — Incidental 114: “Can I help you... [Incidental 24 punches Incidental 114 in the face]”
0,707,00707,Slime Time!,1,1,1,1,Usually fine,
5,88c,0588c,Slimy Dancing,1,1,1,1,Usually fine,"Gay / Lesbian — SpongeBob: “Now, before I begin, let me just thank you all for coming out tonight. [Squidward grabs SpongeBob's mouth]”"
4,63b,0463b,Slumber Party Stars,2,1,1,2,Mild — okay for many kids with a parent,"Violence & death — Cecil: “[puts a cowboy hat on Squidina, and everyone else puts on hats] On your mark, get set, hunt! [fires the confetti gun]”"
15,315a,15315a,Smartificial Intelligence,1,1,1,1,Usually fine,
8,165b,08165b,Smoothe Jazz at Bikini Bottom,1,1,1,1,Usually fine,
9,202b,09202b,Snail Mail,2,1,1,2,Mild — okay for many kids with a parent,Violence & death — Frail Fish: “[coughs and then punches his chest]”
10,208a,10208a,Snooze You Lose,1,1,1,1,Usually fine,Violence & death — Squidward punches SpongeBob with his eyes.
14,304,14304,Snow Yellow,2,2,1,2,Mild — okay for many kids with a parent,Sex & hookups — Huntsman: “[kisses Karen at her feet] You called for my personage? [kisses twice] My most [kisses] perfectly square royal highness?”
3,46a,0346a,Snowball Effect,2,1,1,2,Mild — okay for many kids with a parent,"Violence & death — SpongeBob: “Patrick, you fool! This was over before it started! I will now consider your unconditional surren... [a snowball hits him in the face, sending him into the snow. He then drowns in it] ...der.…”"
9,199a,09199a,Sold!,1,1,1,1,Usually fine,Gay / Lesbian — Squidward: “[coming out from the top of his flipped home] What happened?”
7,129a,07129a,Someone's in the Kitchen with Sandy,1,3,1,3,Moderate — better for older kids / preteens,"Nudity & bodies — There is a tearing sound as Sandy grabs the fur on her head and literally rips the fur pelt and bikini down the middle, revealing her pink body clad in only panties and a padded bra.…"
13,271a,13271a,Something Narwhal This Way Comes,1,1,1,1,Usually fine,Sex & hookups — Narlene: “I think someone deserves a little kiss!”
2,22a,0222a,Something Smells,1,1,1,1,Usually fine,"Nudity & bodies — The episode begins at SpongeBob's pineapple, shown by the exterior. The scene zooms into the interior of the pineapple, SpongeBob's bed room. His alarm clock goes off.…"
3,49,0349,Something Stupid This Way Comes,2,1,1,2,Mild — okay for many kids with a parent,Violence & death — Pat-gor: “[stabs the sandwich with an olive on a stick]”
0,721,00721,Spain 1,1,1,1,1,Usually fine,
0,722,00722,Spain 2,1,1,1,1,Usually fine,
13,290a,13290a,Spatula of the Heavens,1,1,1,1,Usually fine,"Sex & hookups — SpongeBob: “[examines spatula using a magnifying glass, connects the spatula to the handle, squeals excitedly and kisses the spatula] You're finally back! [hugs the spatula]”"
11,218a,11218a,Spin the Bottle,1,1,1,1,Usually fine,Sex & hookups — Patrick: “Has to kiss!”
0,725,00725,Splash,1,1,1,1,Usually fine,
7,142b,07142b,Sponge-Cano!,1,1,1,1,Usually fine,
0,727,00727,SpongeBoard,1,1,1,1,Usually fine,
0,728,00728,SpongeBob & You Save the Big Blue,1,1,1,1,Usually fine,
0,729,00729,SpongeBob (Re-Hydrated),1,1,1,1,Usually fine,
16,323,16323,SpongeBob and Patrick's Timeline Twist-Up,2,1,1,2,Mild — okay for many kids with a parent,"Sex & hookups — Bunny: “[kisses Past Patrick's eye] Hello, son. [sees the spatula and gasps, slapping Past SpongeBob's hand away] SpongeBob! Don't touch that filthy thing! We don't know where it's been!…”"
0,731,00731,SpongeBob Brings Super Bowl LVIII to Bikini Bottom Bottom w/ Patrick & Sandy!,1,1,1,1,Usually fine,
0,732,00732,SpongeBob Checks His Instaclam,1,1,1,1,Usually fine,Sex & hookups — SpongeBob scrolls down to a photo of Pearl with make up attempting to kiss.
0,733,00733,SpongeBob Checks His Snapper Chat,1,1,1,1,Usually fine,"Gay / Lesbian — SpongeBob: “Hm. Hey! These are all my favorite places! How'd they fit them all in here? [SpongeBob taps on ""Bikini Bottom,"" leading to a scene from ""The Slumber Party"" showing Pearl and her friends reading magazines and laughing…”"
0,734,00734,SpongeBob Cheese Nips,1,1,1,1,Usually fine,
0,735,00735,SpongeBob HeroPants,1,1,1,1,Usually fine,
12,256a,12256a,SpongeBob in RandomLand,1,1,1,1,Usually fine,
9,195a,09195a,SpongeBob LongPants,1,1,1,1,Usually fine,"Violence & death — Driving instructor: “I was gonna fail you, and send you to jail, but because of those longpants, and all the blood rushing to my head, you passed! [hands SpongeBob his license]”"
3,60a,0360a,SpongeBob Meets the Strangler,2,1,1,2,Mild — okay for many kids with a parent,"Violence & death — SpongeBob: “[standing in front of the punch clock, waiting for it to reach 8:00] Wait for it... [gets impatient. The second hand stops a second before 8:00, shocking him. The second hand then touches 12, becoming 8:00.…”"
13,284b,13284b,SpongeBob on Parade,1,1,1,1,Usually fine,"Alcohol / Drugs — Squidward: “Well, that was another day wasted.”"
0,740,00740,SpongeBob Showdown,1,1,1,1,Usually fine,
0,741,00741,SpongeBob Simulator,1,1,1,1,Usually fine,
17,335b,17335b,SpongeBob SpareParts,2,1,1,2,Mild — okay for many kids with a parent,
0,743,00743,SpongeBob SquarePants Sings Keep It Cool,1,1,1,1,Usually fine,
6,111,06111,SpongeBob SquarePants vs. The Big One,2,1,1,2,Mild — okay for many kids with a parent,"Violence & death — Mr. Krabs: “Yaaaaaaaaaaaaaah! [lands in the middle of the lagoon] Wha? Where'd the beach go? These waters are calm, too calm. [Dark clouds fill the sky] Black sky. [Blood shoots out of the lagoon] Water spouts.... of blood.…”"
0,745,00745,SpongeBob SubPants Adventure,1,1,1,1,Usually fine,
16,326a,16326a,SpongeBob TrashPants,2,1,1,2,Mild — okay for many kids with a parent,"Violence & death — SpongeBob: “[stops walking] Uh-oh. My trashy sense is tingling. [stabs a wrapper, gasps as he sees several more flying wrappers coming from Bubble Bass] A litterbugging Bubble Bass.…”"
5,88b,0588b,SpongeBob vs. The Patty Gadget,1,1,1,1,Usually fine,"Violence & death — Patchy: “He struggled and strained 'til his face turned dark blue. Then the lever moved forward and broke right in two! The gadget buckled and sparked; it cracked like a gun. So Squidward took off, yelling...”"
9,189,09189,SpongeBob You're Fired,1,1,1,1,Usually fine,"Nudity & bodies — SpongeBob: “Ooh-wah! [He crumples up the piece of paper and throws it into the garbage can, which on the other side of the room. He puts the patty on the grill on the side that does not have paper on it.…”"
12,256b,12256b,SpongeBob's Bad Habit,1,1,1,1,Usually fine,
12,254,12254,SpongeBob's Big Birthday Blowout,3,3,1,3,Moderate — better for older kids / preteens,"Sex & hookups — Patrick: “Oh, yeah. I was gonna tell you. [holds out a bag of beans and throws some beans at SpongeBob] Surprise! [goes to sleep with everyone]”"
0,751,00751,SpongeBob's Boating Bash,1,1,1,1,Usually fine,"Sex & hookups — Excuse me, can someone please kiss my boo-boo?"
0,752,00752,SpongeBob's Crazy Carnival Ride,1,1,1,1,Usually fine,"Fat-shaming — Mr. Krabs: “Ahoy landlubbers, and welcome to Mr. Krabs Carnival Games! [whispers] And congratulations, you're going to help me get very, very rich.…”"
7,134,07134,SpongeBob's Last Stand,1,1,1,1,Usually fine,"Nudity & bodies — Patrick: “I don't know. He was never heard from again. [SpongeBob looks nervous. The police car stops in the middle of nowhere and throws SpongeBob and Patrick out, and then drive away, kicking up dust and blowing away their…”"
0,754,00754,SpongeBob's Legendary Dance Party,1,1,1,1,Usually fine,
10,209a,10209a,SpongeBob's Place,1,1,1,1,Usually fine,Sex & hookups — SpongeBob and Mr. Krabs sigh. The French artists kneels and kisses SpongeBob's shoes.
13,272,13272,SpongeBob's Road to Christmas,1,1,1,1,Usually fine,"Sex & hookups — SpongeBob: “♪ Ta-dah! ♪ This gift is for Santa Claus! [kisses present, then places it under a Christmas tree] Even Santa deserves a gift! Right, Gary?”"
12,757,12757,SpongeBob's Spookiest Scenes Countdown Special,1,1,1,1,Usually fine,"Sex & hookups — SpongeBob: “[sobs] Please, Mr. Squidward's ghost! [SpongeBob and Patrick are bowing before Squidward]Spare us your ghostly anger! [Patrick is kissing Squidward's feet and sobbing]”"
0,758,00758,SpongeBob's Start,1,1,1,1,Usually fine,
14,759,14759,SpongeBob's Super Bowl Party,1,1,1,1,Usually fine,"Sex & hookups — SpongeBob: “[kisses spatula, laughs, zoom to him flipping a Monster Krabby Patty]”"
0,760,00760,SpongeBob's Truth or Square,3,1,1,3,Moderate — better for older kids / preteens,Violence & death — Realistic Fish Head: “You look like you could use a SpongeBuff power up. You're not buff enough! Don't punch below the belt! Punch IN the Buckle that is. This looks like a job for SpongeBuff SquarePants! Whack him in the belt buckle!”
14,295b,14295b,SpongeChovy,1,1,1,1,Usually fine,
0,762,00762,SpongeGod,1,1,1,1,Usually fine,
3,41b,0341b,SpongeGuard on Duty,1,1,1,1,Usually fine,"Violence & death — Larry: “Breathe, darn you! [starts to punch the fish in the stomach. The fish regurgitates ""water"" and a book]”"
5,99b,0599b,SpongeHenge,1,1,1,1,Usually fine,
0,765,00765,SpongeLock Holmes and Dr. Patson,1,1,1,1,Usually fine,
6,103a,06103a,Spongicus,1,1,1,1,Usually fine,Violence & death — Plankton: “Enough dilly-dallying. Send out the blood sausages! [two muscular fish put a necklace of sausages on Patrick]”
10,212b,10212b,Sportz?,2,1,1,2,Mild — okay for many kids with a parent,Violence & death — Squidward: “Ready... set... go! [fires the toy gun and chuckles]”
11,217a,11217a,Spot Returns,1,1,1,1,Usually fine,"Sex & hookups — Plankton: “Spot? Spot? [looks under a can] Spot? Where are you, Spot? [whistles] Oh, there you are, boy! Come to me. Jump in my arms and give me your precious kisses.”"
0,769,00769,Spurskate,1,1,1,1,Usually fine,
5,84a,0584a,Spy Buddies,1,1,1,1,Usually fine,"Alcohol / Drugs — SpongeBob: “Spy?! Whoo-ooh-ooh! [acts like James Bond, but it is really Patrick looking at SpongeBob through a drinking straw]”"
1,11b,0111b,Squatch Swap,1,1,1,1,Usually fine,
1,8b,018b,Squeaky Boots,1,1,1,1,Usually fine,"Sex & hookups — SpongeBob pulls the covers over him with his feet sticking out. He then wiggles his feet, making the boots squeak one more time before going to sleep. As SpongeBob is sleeping with his boots on, Mr.…"
9,181b,09181b,Squid Baby,1,1,2,2,Mild — okay for many kids with a parent,
9,183b,09183b,Squid Defense,2,1,1,2,Mild — okay for many kids with a parent,"Violence & death — Squidward: “Okay! Okay! Hi-yah! [chops the wooden board and SpongeBob in half and laughs] I did it! [starts running then jumps] Hi-yah! [kicks the ""Slug Buddy"" punching bag destroying it] I can protect my groceries now! Hi-yah!…”"
11,224a,11224a,Squid Noir,2,1,1,2,Mild — okay for many kids with a parent,"Sex & hookups — Squidward: “[humming] It's time for our pre-performance nap. Tonight, we change lives with our music. [kisses his clarinet, puts it on a pillow and leaves to take a nap]”"
2,40a,0240a,Squid on Strike,1,1,1,1,Usually fine,"Nudity & bodies — Squidward: “Ah, yes, our meager restitution! [He takes the envelope and smells it.] Ah, the sweet smell of payday! [He opens it and finds a pair of underwear. The sound of a fly buzzing is heard.] Huh?!”"
9,191a,09191a,Squid Plus One,1,1,1,1,Usually fine,Violence & death — Larry punches Squidward to the ground and walks off. Squidward pops his head out.
4,79b,0479b,Squid Wood,1,1,1,1,Usually fine,"Sex & hookups — Squidward: “[grabs enthusiastically onto Mini Squid] Oh, thank you, thank you, thank you! [kisses Mini Squid then runs off laughing hysterically] Woo-hoo-hoo! [pole vaults through his house window]”"
2,21b,0221b,Squid's Day Off,1,1,1,1,Usually fine,"Nudity & bodies — Mr. Krabs: “Thanks, Doc. [looks at the street and smiles until the nude and deranged Squidward runs past him]”"
12,248b,12248b,Squid's on a Bus,1,1,1,1,Usually fine,"Alcohol / Drugs — Squidward: “Eh, ah-ah. No sharp objects allowed. [puts the umbrella in a box full of sharp stuff; he hears munching sounds] Huh? [sees Incidental 160 eating a Krabby Patty and begins talking through the microphone] Attention: this…”"
6,116a,06116a,Squid's Visit,1,1,1,1,Usually fine,"Sex & hookups — Squidward: “[Gary's food bowl lands on Squidward, who is on the couch, which is tipped over. Squidward sits up to realize he has the vacuum stuck inside of him] SpongeBob!…”"
13,292a,13292a,SquidBird,2,2,1,2,Mild — okay for many kids with a parent,"Sex & hookups — SpongeBob: “[excited noises, then sees the clam] Oh, boy! Patrick responded! [the clam opens and he takes out the note] Awww! [on the paper is a very bad drawing of SpongeBob and Patrick] It's a duck and a chicken...…”"
4,68b,0468b,SquidBob TentaclePants,1,1,1,1,Usually fine,"Sex & hookups — One-Eyed Monster: “I've been in love with you ever since I first laid my eye on you. [both monsters kiss. SpongeBob and Squidward appear between them] Hey, baby, what's your name? [SpongeBob and Squidward get transported again.…”"
13,278a,13278a,Squidferatu,2,1,1,2,Mild — okay for many kids with a parent,Sex & hookups — Slappy: “I am sorry master. [kisses Nosferatu's hand] It won't happen again. [continues kissing Nosferatu's hand]”
3,52,0352,Squidina's Holidaze Special,3,1,1,3,Moderate — better for older kids / preteens,"Sex & hookups — Bubble Bass: “I suppose that's an improvement. [runs up the stairs, reads script] Oh, my love, how I yearn for your embrace-- And then... they kiss. [eyes pop open, reads script in horror] And then they kiss!?”"
1,5a,015a,Squidina's Little Helper,1,1,1,1,Usually fine,
14,296b,14296b,Squidiot Box,1,1,1,1,Usually fine,"Nudity & bodies — Squidward: “[naked, covering himself in the jungle] Imagine, huh? All right. [straining, safari clothes appear on him] Oh, not bad. [stretches pants waist] A jungle [pulls out and twirls binoculars] safari could be fun.”"
8,173a,08173a,Squiditis,1,1,1,1,Usually fine,
15,312a,15312a,Squidness Protection,1,1,1,1,Usually fine,
4,75a,0475a,Squidtastic Voyage,2,1,1,2,Mild — okay for many kids with a parent,"Violence & death — Squidward chokes himself. He punches Sandy, knocking her back. His hand starts freaking out."
2,26b,0226b,Squidville,1,1,3,3,Moderate — better for older kids / preteens,"Sex & hookups — ""Grandma's Kisses"""
7,133b,07133b,Squidward in Clarinetland,1,1,1,1,Usually fine,"Violence & death — His bad breath punches Squidward, plugs his nose, and he is still happy."
1,11b,0111b,Squidward the Unfriendly Ghost,1,1,1,1,Usually fine,"Sex & hookups — SpongeBob: “[sobs] Please, Mr. Squidward's ghost! [SpongeBob and Patrick are bowing before Squidward, much to his surprise with Patrick kissing Squidward's feet and sobbing] Spare us your ghostly anger!”"
0,794,00794,Squidward's Back,1,1,1,1,Usually fine,
8,157a,08157a,Squidward's School for Grown-Ups,1,1,1,1,Usually fine,Sex & hookups — Sea Urchin: “Hey! How's a sea urchin supposed to get any sleep with all these salty tears falling on him!? I gotta get out of you! [gets off of Patrick's face and jumps away going through the crowd] Excuse me! Coming through!…”
13,269b,13269b,Squidward's Sick Daze,1,1,1,1,Usually fine,"Sex & hookups — SpongeBob: “Swaddle, swaddle, swaddle. [Squidward tries to break free from him] Hush-a-bye now. Don't strain yourself. [kisses Squidward's eyes, making Squidward angry.…”"
16,320b,16320b,Squidward's Tough Break,2,1,1,2,Mild — okay for many kids with a parent,"Violence & death — Reg punches him in the target shape on his chest. He goes to get the Cold Cadaver, then comes back wearing a hazmat suit. He sets the milkshake on the table with pliers."
3,48b,0348b,Squilliam Returns,1,1,1,1,Usually fine,"Nudity & bodies — Squidward: “[in his head, thinking voice] Don't be intimidated, Squidward. Try to imagine him in his underwear. [imagines Squilliam as a hot underwear model with his muscle body of a human] Oh, no, he's hot!…”"
11,241a,11241a,Squirrel Jelly,3,1,1,3,Moderate — better for older kids / preteens,"Violence & death — Sandy: “[lets them go and holds up a can of Frankenstein fish food] Ha! Frankenstein Fish Food! Ooh, this should be fun! [holds up a gun and shoots the can of Frankenstein fish food in the air]”"
2,31b,0231b,Squirrel Jokes,1,1,1,1,Usually fine,
9,179b,09179b,Squirrel Record,1,1,1,1,Usually fine,Violence & death — SpongeBob: “You're right. She does need my help. I must stop this madness! It's all that book's fault! [punches his fist] The book is evil! The book must be destroyed!”
1,9a,019a,Squisery,1,1,1,1,Usually fine,Alcohol / Drugs — Patrick: “[holding up three wieners] Cocktail wieners?”
1,2a,012a,Stair Wars,1,1,2,2,Mild — okay for many kids with a parent,Swearing — Sun: “Cock-a-doodle-doo!”
5,100b,05100b,Stanley S. SquarePants,1,1,1,1,Usually fine,"Sex & hookups — SpongeBob: “Don't worry! We just have to keep on looking! [looks at his watch and takes out his Krusty Krab employee hat] Oh, gentle hat, symbol of employment! Cornerstone of my eternal happiness!…”"
2,34b,0234b,Star Cruise,2,1,2,2,Mild — okay for many kids with a parent,"Sex & hookups — Bunny: “Ooh, what a romantic way to start our vacation. [both kiss]”"
3,42a,0342a,Star-Robics,1,1,1,1,Usually fine,"Violence & death — Squidina: “[grunts, cranks a metal jack-in-the-box with a boxing glove, which punches Patrick into the time closet] Wow. One of GrandPat's workout machines actually came in handy.”"
4,61b,0461b,Stare Wars,2,1,1,2,Mild — okay for many kids with a parent,"Violence & death — Patrick: “[punches a dummy boxer representing GrandPat with his eyes, dodging and weaving]”"
12,246b,12246b,Stormy Weather,1,1,2,2,Mild — okay for many kids with a parent,"Sex & hookups — SpongeBob: “Oh, now don't be scared. SpongeBob knows just what a growing storm cloud needs. [brings in a pot of steaming hot water] Hot steam. Mwah! [kisses, sets the pot down and goes back into his house]”"
15,311b,15311b,Stuck in an Elevator,1,1,1,1,Usually fine,Sex & hookups — Squidward runs to the elevator and the police officer pries it open. He kicks SpongeBob and Patrick out of the way when they approach. He kisses the officer's feet.
7,128b,07128b,Stuck in the Wringer,1,1,1,1,Usually fine,
11,221b,11221b,Stuck on the Roof,1,1,1,1,Usually fine,"Sex & hookups — SpongeBob: “Oh, Grilly, I thought I'd never see you again! [kisses the grill] Something still doesn't feel right, though.”"
15,310b,15310b,Student Driver Survivor,1,1,1,1,Usually fine,"Sex & hookups — Mrs. Puff: “Well, I've got a live one for you. [holds up SpongeBob, drops him back into the boat, and laughs as she runs off] Oh, good luck! You'll need it. [blows a kiss] Mwah.…”"
1,24a,0124a,Stuntin',2,1,1,2,Mild — okay for many kids with a parent,"Sex & hookups — Perch: “He's slowly going down. He's kissing the canvas. [crowd exclaims] In a major upset, the winner is... [GrandPat grabs Patrick and takes his place] Patrick Star!”"
16,329b,16329b,Stupor-stition,1,1,1,1,Usually fine,Gay / Lesbian — Leprechaun: “[teleports to the pot of gold and laughs] Looking for a pot of gold? [snaps his fingers revealing lots of coins coming out of the pot]”
6,103b,06103b,Suction Cup Symphony,1,1,1,1,Usually fine,"Sex & hookups — Squidward: “""Original compositions wanted""? Me, a famous composer? [Squidward imagines himself riding in a limo] Thank you, thank you! [he then walks out of the limbo and walks down a red carpet, he then imagines himself…”"
1,15b,0115b,Suds,1,1,1,1,Usually fine,"Nudity & bodies — SpongeBob: “I can't get the suds, [sniffles] because then I'll have to miss work. [sniffles, puts his underwear over his mouth and nose, then sneezes. Pink bubbles come out again]”"
1,2a,012a,Sugar Squeeze,1,1,1,1,Usually fine,"Nudity & bodies — Narlene: “Nope. But I'll trade ya. [She then starts taking items from the kids.] This is for Cousin Joe, Cousin June, Cousin Jill, Cousin Jan, and Cousin Grandma. [She takes Mr.…”"
7,136b,07136b,Summer Job,1,1,1,1,Usually fine,
6,106b,06106b,Sun Bleached,1,1,1,1,Usually fine,
1,15b,0115b,"Sun's Out, Fun's Out",1,1,1,1,Usually fine,
0,821,00821,Super Bowl LIII Halftime Show short,1,1,1,1,Usually fine,
8,176a,08176a,Super Evil Aquatic Villain Team Up is Go!,2,1,1,2,Mild — okay for many kids with a parent,"Violence & death — Man Ray: “Right, of course. [Holds up a laser gun and shoots the door.]”"
0,823,00823,Super Senses,1,1,1,1,Usually fine,
1,12b,0112b,Super Sitters,3,1,1,3,Moderate — better for older kids / preteens,"Sex & hookups — Director: “Hmm. [gasps] Ooh! Oh, thank Neptune you're here! [grabs them and kisses SpongeBob] Thank you. Thank you!”"
2,28a,0228a,Super Stars,1,1,1,1,Usually fine,"Violence & death — Squidina: “All right! [raises rope] Time for some villainy. [beats up Granny Tentacles in a fight cloud, leaving her tied up in the rope] But first, let's get rid of this pesky hero. Evil ink web.…”"
0,826,00826,SuperSponge,1,1,1,1,Usually fine,"Nudity & bodies — SpongeBob: “Now to find the Scallop Bra, the only place is Desert Wasteland. But what if I get stuck in quicksand! Like that's gonna happen!!”"
11,236b,11236b,Surf N' Turf,1,1,1,1,Usually fine,"Sex & hookups — SpongeBob: “Sandy? Uh, Sandy, I have an idea. Let's call Mr. Krabs. I bet he knows all about ships in bottles. [holds out a black-and-white picture of Mr. Krabs kissing a bag of money] He was once a sailor.”"
0,828,00828,Surfing Dreams,1,1,1,1,Usually fine,
2,29a,0229a,Survival of the Idiots,1,1,1,1,Usually fine,
1,9b,019b,Survivoring,1,2,1,2,Mild — okay for many kids with a parent,"Nudity & bodies — Squidina: “And a change of underwear. [pulls out a white pair of underwear, which sparkles]”"
12,247a,12247a,Swamp Mates,1,1,1,1,Usually fine,Alcohol / Drugs — Patrick is shown on a high wheel bicycle drinking tea in front of a red stage with Pat-Star-Piece Theatre written in yellow. There are two trumpets blowing as well.
3,46b,0346b,Swaptoberfest,3,1,1,3,Moderate — better for older kids / preteens,"Sex & hookups — Granny Tentacles: “[grabs GrandPat] Now give us a smooch, [pinches his cheek] ya big lug! [tries to kiss him]”"
8,158a,08158a,Sweet and Sour Squid,1,1,1,1,Usually fine,
2,33b,0233b,Swimmin' Holed,2,1,1,2,Mild — okay for many kids with a parent,"Violence & death — Everyone tries to beat up Narlene and Nobby, and they both escape from the fighting cloud."
13,291a,13291a,Swimming Fools,1,1,1,1,Usually fine,Sex & hookups — Squidward: “[gets up from the floor and the cannonball lands on his foot] Ouch! [hops to his AC as he holds his foot] Who needs a soggy old pool when you have the luxury and elegance of indoor air conditioning.…”
9,187b,09187b,Séance Shméance,1,1,1,1,Usually fine,"Alcohol / Drugs — Old Man Jenkins: “[in the background, Incidental 40 is seen drinking a Krabby Soda] Huh? Well, let's see, um, I think it was on rye bread, it was #9 on the menu, it came with a side of something or other...”"
1,2b,012b,"Tag, You're It",1,1,1,1,Usually fine,Nudity & bodies — Patrick's head is shown to contain a naked Patrick playing an organ.
14,299a,14299a,Tango Tangle,2,1,1,2,Mild — okay for many kids with a parent,"Sex & hookups — Karen: “Oh, Sheldon. This has been the best birthday I've ever had. [picks up Plankton to kiss him, which electrocutes him]”"
2,35b,0235b,Tattoo Hullabaloo,3,1,1,3,Moderate — better for older kids / preteens,"Sex & hookups — Skip and Leilani: “[panting in the heat, then see a tattoo gun] Huh? [the tattoo gun draws an umbrella above them] Oh! Ah. [Skip pulls down the umbrella and they start kissing]”"
0,840,00840,Taurus,1,1,1,1,Usually fine,
1,1c,011c,Tea at the Treedome,1,1,1,1,Usually fine,"Violence & death — Sandy: “[cartwheeling] Well, alright. I made Texas tea and cookies. Well, come on in! Hi-yah! [SpongeBob is walking an inch forward and it makes weak squeaking sounds with every step] That's not in. In.…”"
11,222b,11222b,Teacher's Pests,1,1,1,1,Usually fine,"Violence & death — Mr. Krabs: “Ehh, you cause a little 300 boat pile-up, and they send you to boating school. Eh, well, better make the most of it and grab the best desk. Ahh.…”"
7,127a,07127a,Tentacle-Vision,2,1,1,2,Mild — okay for many kids with a parent,
1,8,0108,"Terror at 20,000 Leagues",1,1,1,1,Usually fine,"Violence & death — Quasar: “That's not your baby, Pat-Tron. That's a murder machine!”"
4,65,0465,Terror on Tape,1,1,1,1,Usually fine,"Sex & hookups — A glowing green heart appears on the TV screen, which turns into the Flying Dutchman's head. It kisses the camera as it transitions to the title card."
1,18a,0118a,Texas,1,1,1,1,Usually fine,"Violence & death — SpongeBob: “Oh-ho. I get it. Not feeling up to karate, huh? Whatever you say, Sandy. [turns around] Boy, I hope Sandy doesn't attack me from behind. Hi-yah! [grabs Incidental 32 from behind and flips him over onto the ground.…”"
0,847,00847,Texas (voice-over),1,1,1,1,Usually fine,
3,50,0350,Thanks But No Thanksgiving,1,1,1,1,Usually fine,"Gay / Lesbian — Cecil: “Phew, that soup's got some kick to it! [Cecil gets repeatedly kicked by a donkey legs coming out of the cauldron]”"
7,144a,07144a,That Sinking Feeling,1,1,1,1,Usually fine,
4,75b,0475b,That's No Lady,1,1,1,1,Usually fine,Sex & hookups — Fancy dandy fish: “The lovely Patricia [blows a kiss] has returned to us!”
0,851,00851,The 12 Days of Nickmas,1,1,1,1,Usually fine,
7,146a,07146a,The Abrasive Side,1,1,1,1,Usually fine,"Gay / Lesbian — Mr. Krabs: “[coming out of the shoe store] SpongeBob! Boyo, you've got to help me. Pearl's got her heart set on a new pair of shoes. Your job is to tell her no.”"
0,853,00853,The Absorbing Tale Behind The SpongeBob SquarePants Movie,1,1,1,1,Usually fine,
3,41a,0341a,The Algae's Always Greener,1,2,1,2,Mild — okay for many kids with a parent,"Sex & hookups — Mr. Plankton: “Eh, you're doing fine. Now leave me to my work. [kisses one of the two Krabby Patties]”"
7,135b,07135b,The Bad Guy Club for Villains,2,1,1,2,Mild — okay for many kids with a parent,"Violence & death — Man Ray: “[The Elastic Waistband does a pose] Good night, balloon boy! [Miss Appear appears and takes away man ray's gun]”"
12,243b,12243b,The Ballad of Filthy Muck,1,1,1,1,Usually fine,Nudity & bodies — Old Man Jenkins points to Patrick's buttocks being shown. The scene pulls out to reveal that Patrick is naked after he dropped his towel. Everyone except Squidward and Old Man Jenkins laugh at Patrick's nakedness.…
5,97b,0597b,The Battle of Bikini Bottom,1,1,1,1,Usually fine,"Nudity & bodies — Patrick: “I'll fix it. [Stretches SpongeBob's pants, filling it up with dirt, then yanks his underwear, making SpongeBob squish up with dirt]”"
2,28b,0228b,The Beardsman,2,2,1,2,Mild — okay for many kids with a parent,"Sex & hookups — Patrick: “SpongeBob, you don't sleep with a beard on. It'll get all wrinkly.”"
13,274a,13274a,The Big Bad Bubble Bass,1,1,1,1,Usually fine,"Nudity & bodies — Bubble Bass: “M-M-Mama, t-t-t-that receipt must be a forgery! [she inhales deeply] No, mama, please! I was just trying to- [she burps on him. Bubble Bass is shown in his underwear, and he shrieks and covers himself as his mom walks…”"
3,43b,0343b,The Bully,2,1,1,2,Mild — okay for many kids with a parent,"Violence & death — Mrs. Puff: “Now, can I please have a volunteer to come up to the board? How about you, Flats? [Flats approaches the board] Please draw for us a diagram of a basic four-way intersection, Flats.…”"
3,57b,0357b,The Camping Episode,2,1,1,2,Mild — okay for many kids with a parent,
6,113b,06113b,The Card,1,1,1,1,Usually fine,Violence & death — Voice: “Mermaid Man says... [a giant fist punches Barnacle Boy]”
7,139b,07139b,The Cent of Money,1,1,1,1,Usually fine,
1,12a,0112a,The Chaperone,3,1,1,3,Moderate — better for older kids / preteens,"Violence & death — Pearl: “[wearing a pink dress] Well, at least no one will recognize you. Now listen, SpongeBob, I just want to get through this dance with my social status intact.…”"
11,217b,11217b,The Check-Up,1,1,1,1,Usually fine,Nudity & bodies — Mr. Krabs: “Hoo! Gettin' kinda hot in here! [chuckles and the x-ray continues to scan; smoke begins to spew out] Should my underwear be on fire?”
11,216b,11216b,The Clam Whisperer,1,1,1,1,Usually fine,Violence & death — Patrick and SpongeBob punch their eyes up to look at the clam migration. A clam flies up above them.
6,126,06126,The Clash of Triton,1,1,1,1,Usually fine,"Violence & death — King Neptune: “[narrating] What was happening to my own flesh and blood? [he is seen sitting on the toilet] Over the next few millennia, my son grew not only in size, but in perplexing behavior.”"
2,32a,0232a,The Commode Episode,1,1,1,1,Usually fine,
0,869,00869,The Cosmic Shake,3,2,1,3,Moderate — better for older kids / preteens,"Sex & hookups — Old Man Jenkins: “[at the side of the same building] Quiet down, I'm trying to sleep with my eyes open!”"
7,133a,07133a,The Curse of Bikini Bottom,1,1,1,1,Usually fine,
7,141a,07141a,The Curse of the Hex,1,1,1,1,Usually fine,"Alcohol / Drugs — Many customers immediately drive up. Now inside the Krusty Krab, the customers are all eating and drinking."
4,54a,0454a,The Dated Game,1,1,1,1,Usually fine,"Nudity & bodies — GrandPat: “[pulls Patrick's underwear over his head, leaves] I'd be delighted! So, baby, [Granny Tentacles puts her hand on his arm] you ever ride shotgun on a mobility scooter?”"
14,305a,14305a,The Dirty Bubble Bass,1,1,1,1,Usually fine,
5,90b,0590b,The Donut of Shame,1,1,1,1,Usually fine,"Sex & hookups — Patrick: “Whooooo! Chamomile, chamomile, chamomile! Oh, she really knows how to pound 'em down, huh, SpongeBob? [you can hear SpongeBob snoring] SpongeBob...…”"
1,17a,0117a,The Drooling Fool,1,1,1,1,Usually fine,
0,876,00876,The Endless Summer,1,1,1,1,Usually fine,
9,191b,09191b,The Executive Treatment,1,1,1,1,Usually fine,Violence & death — Patrick: “No! [The executives push Patrick through the doors which makes him lose his hands. The executives punch in their tickets in the punch in/out clock. Patrick puts his hand in the clock and his hand turns into a ticket.…”
0,878,00878,The First Season Crew on...,1,1,1,1,Usually fine,
9,196a,09196a,The Fish Bowl,1,1,1,1,Usually fine,
13,284a,13284a,The Flower Plot,1,1,1,1,Usually fine,Sex & hookups — Karen: “[throws out kisses]”
17,337a,17337a,The Fry Cook and the Elves,1,1,1,1,Usually fine,"Violence & death — Scene bubble transitions to the Elves holding out the ingredients and making the Krabby Patties. Nick and Knox hold a punch of Patties and put them on a Spatula designed as a catapult over a cup, and then Knack jumps…"
2,39b,0239b,The Fry Cook Games,1,1,1,1,Usually fine,"Nudity & bodies — They struggle to push each other for almost five seconds until they hear both of their pants ripping, causing them to stop. Their pants fall down as the crowd gasps.…"
3,40a,0340a,The Fun Bucket,2,1,1,2,Mild — okay for many kids with a parent,"Sex & hookups — Plankton: “[kisses hand] Voila, you happy now? [holds out ""pizza"" to Patrick] One slice of pizza. [gives it to Cecil and Bunny] Chew on this.”"
10,213a,10213a,The Getaway,1,1,1,1,Usually fine,"Sex & hookups — Sticky Fins: “Yes! I'm back! [kisses the ground] Thank Neptune! Don't let me out ever again! It's not safe out there! Lock me away! Forever, and ever!”"
12,259a,12259a,The Ghost of Plankton,1,1,1,1,Usually fine,"Violence & death — Plankton: “Okay, my turn! [gives the Flying Dutchman a friendly punch in the stomach] Shh. Someone's coming. [floats toward a mirror] Watch me scare this dummy real good.”"
4,80b,0480b,The Gift of Gum,1,1,1,1,Usually fine,"Nudity & bodies — SpongeBob: “O, majestic and much masticated Gummy, although I am not worthy to be in your presence, may my humble abode please you. [struggles to push the giant ball of gum in his house.…”"
13,291b,13291b,The Goobfather,2,1,1,2,Mild — okay for many kids with a parent,"Alcohol / Drugs — The episode opens at the Krusty Krab, where Bubble Bass is drinking a shake. SpongeBob comes out of the kitchen with a plate of Krabby Patties."
8,177a,08177a,The Good Krabby Name,1,1,1,1,Usually fine,Violence & death — Patrick punches SpongeBob
12,258b,12258b,The Goofy Newbie,1,1,2,2,Mild — okay for many kids with a parent,
8,158b,08158b,The Googly Artiste,1,1,1,1,Usually fine,
7,143,07143,The Great Patty Caper,1,1,1,1,Usually fine,
3,55a,0355a,The Great Snail Race,2,1,1,2,Mild — okay for many kids with a parent,"Violence & death — SpongeBob: “Alright, Gary, no more foolin' around. Time to get serious. [scene cuts to SpongeBob blowing on a whistle] Come on, Gary, move it! [scene cuts to Gary crawling up and down a wall] Up, up, up, up, up!…”"
16,331a,16331a,The Green Tentacle,1,1,1,1,Usually fine,"Sex & hookups — SpongeBob: “No, Squidward. You destroyed your paintings for friendship. [kisses Squidward on the helmet] Mwah! [hums and skips away]”"
11,239a,11239a,The Grill is Gone,1,1,2,2,Mild — okay for many kids with a parent,Violence & death — Hat kid: “How's about... it's on? See you tomorrow morning at the top of Murder Hill. [leaves with the other kids]”
12,262b,12262b,The Hankering,1,1,1,1,Usually fine,"Violence & death — The driver stops the taxi boat at a place that's located outside of Bikini Bottom, the Slop Pail. SpongeBob comes out from under the taxi and is completely beaten up."
16,327a,16327a,The Haunted Bucket,1,1,1,1,Usually fine,
4,57a,0457a,The Haunting of Flim-Flam House,2,1,1,2,Mild — okay for many kids with a parent,"Nudity & bodies — Patrick: “I overcooked it this morning, and it died! [the scene cuts to him] In order to speak to the great beyond, I'll need... [pulls out his underwear] my Wedgie Board!”"
1,7a,017a,The Haunting of Star House,1,1,1,1,Usually fine,
1,12a,0112a,The Ho! Ho! Horror!,2,1,1,2,Mild — okay for many kids with a parent,"Violence & death — Santa and Mrs. Puff are now punching each other. Sandy appears outside, running with karate gear. She dodges a rock and a boat thrown in her direction."
8,154b,08154b,The Hot Shot,1,1,1,1,Usually fine,"Sex & hookups — SpongeBob: “[bumps into Mrs. Puff] Mrs. Puff, thank you most of all! [about to kiss Mrs. Puff's fin, but she pulls it away]”"
10,212a,10212a,The Incredible Shrinking Sponge,1,1,1,1,Usually fine,"Nudity & bodies — SpongeBob: “What the shrimp? [his body starts shrinking] Hey, what's going on here? [notices the high temperature on the grill] Whoa! That's too hot! [tries to turn the grill down, but his fingers are too sweaty] Whooaaa!…”"
5,95a,0595a,The Inmates of Summer,1,1,1,1,Usually fine,
7,129b,07129b,The Inside Job,1,1,1,1,Usually fine,"Gay / Lesbian — Plankton unplugs the eardrum plugs, causing everything from SpongeBob's perspective to be muted as Mr. Krabs describes the secret formula with no sound coming out."
1,17b,0117b,The Jelly Life,1,1,1,1,Usually fine,
1,1,0101,The Jellyfish Kid,1,1,1,1,Usually fine,Violence & death — Kevin C. Cucumber: “What is this? I feel wet. Is it blood? Am I bleeding?”
6,109b,06109b,The Krabby Kronicle,1,1,1,1,Usually fine,"Sex & hookups — Mr. Krabs: “Oh, baloney! And you better start feelin' right, 'cause if you don't, you can just kiss your spatular goodbye!”"
8,167a,08167a,The Krabby Patty That Ate Bikini Bottom,1,1,1,1,Usually fine,
16,322b,16322b,The Kreepy Krab,2,1,1,2,Mild — okay for many kids with a parent,Sex & hookups — Slappy: “Welcome madame [kisses her hand]”
12,248a,12248a,The Krusty Bucket,1,1,1,1,Usually fine,
5,90c,0590c,The Krusty Plate,1,1,1,1,Usually fine,
12,244a,12244a,The Krusty Slammer,1,1,1,1,Usually fine,
5,89a,0589a,The Krusty Sponge,1,1,1,1,Usually fine,Alcohol / Drugs — Mr. Krabs: “I'm glad you asked. We got SpongeBob drinking straws— [shows a green straw with SpongeBob in the middle] coasters— [holds up two coasters with SpongeBob's face on them] bibs— [holds up a bib with SpongeBob's face on it…”
17,336a,17336a,The Lady in the Lighthouse,2,1,1,2,Mild — okay for many kids with a parent,Violence & death — Larry: “[throws punches at Old Man Walker and grunts continuously] Huh! Yeah! Huh!”
11,220,11220,The Legend of Boo-Kini Bottom,1,1,1,1,Usually fine,"Sex & hookups — Plankton: “You know, I gotta say, pretty impressed with your whole evil presentation here. Nice work. I could use a guy like you to walk through walls. I take over the world, and we split it, 70-30.…”"
0,915,00915,The Legend of SpongeBob,1,1,1,1,Usually fine,
1,20a,0120a,The Lil' Patscals,1,1,1,1,Usually fine,
4,62a,0462a,The Lost Mattress,1,1,1,1,Usually fine,"Sex & hookups — Squidward: “Oh, I see. You're just kissing up to the boss to make me look bad. Well, I won't stand for it. Gimme that card. [signs card] Trying to outsmart me, will ya? [licks envelope] There, I signed it for all of us.”"
7,141b,07141b,The Main Drain,1,1,1,1,Usually fine,"Gay / Lesbian — At the Krusty Krab, we see SpongeBob coming out of the freezer with a Krabby Patty."
7,148a,07148a,The Masterpiece,1,1,2,2,Mild — okay for many kids with a parent,Swearing — Sea Chicken: “[on TV] Cock-a-doodle-yum! [squawks] Rise and shine! We're the best restaurant in the sea!”
7,140a,07140a,The Monster Who Came to Bikini Bottom,1,1,1,1,Usually fine,"Gay / Lesbian — French Narrator: “Yesterday... [at the Krusty Krab, a customer is trying to get some ice in his cup but there is no ice coming out]”"
0,921,00921,The Museum of Cartoon Sponges,1,1,1,1,Usually fine,
17,333a,17333a,The Nerds,1,1,1,1,Usually fine,"Violence & death — Squidward: “[inhales, sighs] Time to make art. [begins painting before he is interrupted and punches a hole through the easel]”"
11,239b,11239b,The Night Patty,1,1,2,2,Mild — okay for many kids with a parent,
12,243a,12243a,The Nitwitting,1,1,1,1,Usually fine,Alcohol / Drugs — SpongeBob groans in disgust and tries to hesitate in drinking the jar full of saliva.
0,925,00925,The Origin of SpongeBob SquarePants,1,1,1,1,Usually fine,
5,82a,0582a,The Original Fry Cook,1,1,1,1,Usually fine,"Sex & hookups — SpongeBob: “Goodbye, grill. Goodbye, pot. Goodbye, pan. So long, fry vat. Goodbye, grease stain. [Kisses the grease stain and runs into the freezer] Goodbye, frozen patty #1. Goodbye, frozen patty #2.”"
8,153b,08153b,The Other Patty,1,1,1,1,Usually fine,"Gay / Lesbian — SpongeBob: “[coming out of the hole with shovel looking tired] Yeah, pie. [his face plants on the ground]”"
0,928,00928,The Outfit,1,1,1,1,Usually fine,
1,16b,0116b,The Paper,1,1,1,1,Usually fine,Nudity & bodies — SpongeBob: “Now I'm... [jumps into the air out of his pants. He is now naked with a paper for a loincloth] SpongeBob JunglePants! [does Tarzan impression]”
3,40b,0340b,The Patrick Show After Dark,1,1,1,1,Usually fine,"Sex & hookups — Cecil: “[to the camera] Hey, I guess losing ain't so bad after all. [starts kissing Bunny]”"
2,27a,0227a,The Patrick Show Cashes In,3,1,1,3,Moderate — better for older kids / preteens,"Violence & death — Fighting, weapons, or death talk."
1,21a,0121a,The Patrick Show Sells Out,2,1,1,2,Mild — okay for many kids with a parent,"Violence & death — Mr. Krabs: “[winds up punch] Oh, yeah? Try my knuckle sandwich!”"
0,933,00933,The Patrick Star Game,1,1,1,1,Usually fine,
1,18a,0118a,The Patterfly Effect,1,1,1,1,Usually fine,"Affairs / cheating — ""A Space Affair to Remember"""
1,23b,0123b,The Perfect Camper,2,1,1,2,Mild — okay for many kids with a parent,"Violence & death — Larry: “You got this, bro! [punches Craig]”"
4,79a,0479a,The Pink Purloiner,1,1,1,1,Usually fine,"Nudity & bodies — SpongeBob: “[in his bed] Ah, I love jellyfishing. [night breaks into day quickly and the foghorn alarm goes off.] Whoo! Time to get ready for day two of the jellyfish migration.…”"
7,138a,07138a,The Play's the Thing,1,1,1,1,Usually fine,"Alcohol / Drugs — Squidward: “At the Krusty Krab, his talent was wasted.”"
1,20b,0120b,The Prehistoric Patrick Star Show,1,1,1,1,Usually fine,
15,309b,15309b,The Sandman Cometh,1,1,1,1,Usually fine,Violence & death — The screen zooms out to show that Patrick has beaten up Squidward
2,35a,0235a,The Secret Box,1,2,1,2,Mild — okay for many kids with a parent,"Sex & hookups — SpongeBob: “Okay. I love my job at the Krusty Krab, I sleep with my shoes on, I like jelly on both sides of my toast, I've got an overdue library book, I think jellyfishing and bubble-blowing are the sea bee's knees...…”"
9,194b,09194b,The Sewers of Bikini Bottom,1,1,1,1,Usually fine,"Sex & hookups — Squidward: “Well, why don't you clean the... uh... [notices the entire dining room is clean] We can always clean the... uh... [notices the condiment bottles and pans are also clean.…”"
4,53b,0453b,The Show Must Go Yawn,1,1,1,1,Usually fine,"Violence & death — Cut back to Patrick, who is having his blood sucked by an unseen source."
6,110a,06110a,The Slumber Party,1,1,1,1,Usually fine,"Nudity & bodies — Mr. Krabs reclines in his chair in a white tank top undershirt and grayish-whitish underwear, fast asleep. Pearl walks up to him angrily."
2,32b,0232b,The Smoking Peanut,1,1,1,1,Usually fine,"Slut-shaming — Joe: “Easy, girl! It's me, Joe! Remember?”"
6,105a,06105a,The Splinter,1,1,1,1,Usually fine,
3,59,0359,The Sponge Who Could Fly,1,1,1,1,Usually fine,"Sex & hookups — French Narrator: “Remembering SpongeBob. [SpongeBob walks into the kitchen of the Krusty Krab, from ""As Seen on TV""; brings it around town, from ""Bubblestand""; puts a mustard checkmark on a Krabby Patty then puts it down on a bun, from…”"
0,947,00947,The SpongeBob Challenge (game),1,1,1,1,Usually fine,
0,948,00948,The SpongeBob SquarePants Movie,3,2,1,3,Moderate — better for older kids / preteens,Sex & hookups — King Neptune: “My crown! My beautiful crown! [Kisses it]”
0,949,00949,The SpongeBob SquarePants Movie (Game Boy Advance),1,1,1,1,Usually fine,
0,950,00950,The SpongeBob SquarePants Movie (PC),2,1,1,2,Mild — okay for many kids with a parent,Nudity & bodies — SpongeBob: “It's jammed! I need something to pry it open with! The knob is broken! I need the control to turn it off. Now where did I leave that thing... I got that at a garage sale.…”
0,951,00951,The SpongeBob SquarePants Movie (video game),3,1,1,3,Moderate — better for older kids / preteens,"Violence & death — French Narrator: “And so, SpongeBob and Patrick escaped the clutches of the mad, murderous Dennis, only to be captured by the even more hideous Cyclops!…”"
17,333b,17333b,The SquarePants Method,1,1,1,1,Usually fine,"Sex & hookups — ""Kiss of the Nematode"""
2,27b,0227b,The Star Games,1,1,1,1,Usually fine,
1,23a,0123a,The Starry Awards,1,1,1,1,Usually fine,"Alcohol / Drugs — Pan down to Cecil in the audience, drinking from his #1 Dad mug."
0,955,00955,The Story of King Neptune,1,1,1,1,Usually fine,
11,241b,11241b,The String,1,3,1,3,Moderate — better for older kids / preteens,"Sex & hookups — The customer immediately leaves after seeing SpongeBob naked. Mr. Krabs is in his office, kissing a dollar bill."
2,38a,0238a,The Suit Suits You,2,1,1,2,Mild — okay for many kids with a parent,Swearing — Sandy's old suit: “[picks up the urchin and puts its thorn back on like a screw]”
1,21a,0121a,The Switch Glitch,1,1,1,1,Usually fine,Violence & death — Karen: “[in thought] Woah! What the heck? [her eyes scan the mirror with blue beams] My mind must have switched with Patrick's mind from the lightning berries! [touches body] Flesh and blood and guts!…”
1,25a,0125a,The Taste of Defeat,1,1,1,1,Usually fine,Sex & hookups — SpongeBob: “[blows chef's kiss] My compliments to the chef.”
4,76a,0476a,The Thing,1,1,1,1,Usually fine,
1,5a,015a,The Treasure of Kamp Koral,2,2,1,2,Mild — okay for many kids with a parent,"Nudity & bodies — Patrick: “[holding the shovel] Hey, yeah! [dancing] Doo bee doo bee doo bee doo! [giving the shovel to SpongeBob] Let's dig up treasure! I've got a map!…”"
5,99a,0599a,The Two Faces of Squidward,1,1,1,1,Usually fine,
8,166b,08166b,The Way of the Sponge,2,1,1,2,Mild — okay for many kids with a parent,"Violence & death — bubble transition to SpongeBob running up and down stairs as Rocky-like music plays. He then lifts weights and runs up stairs more getting tired. SpongeBob karate chops a brick wall, but he ends up breaking apart.…"
9,204b,09204b,The Whole Tooth,1,1,1,1,Usually fine,
2,30a,0230a,The Wrath of Shmandor,1,1,1,1,Usually fine,
7,150b,07150b,The Wreck of the Mauna Loa,1,1,1,1,Usually fine,
1,4,0104,The Yard Sale,2,1,2,2,Mild — okay for many kids with a parent,"Sex & hookups — GrandPat: “[laughs, blows kiss to audience]”"
2,30b,0230b,There Goes the Neighborhood,1,1,1,1,Usually fine,Alcohol / Drugs — The aliens' tentacles are sticking through every house in the neighborhood. Granny Tentacles is drinking tea when she gets pulled down.
13,273b,13273b,There Will Be Grease,2,1,1,2,Mild — okay for many kids with a parent,Gay / Lesbian — He elbows the truck and its headlights turn on. It collapses into a platform with an organ and an Everything Juice banner coming out of it. Krabs and Plankton spin around and are in tuxedos.…
11,218b,11218b,There's a Sponge in My Soup,1,1,1,1,Usually fine,Sex & hookups — Sunshine pops out of Octavius Rex's soup and gives him a kiss. Debbie Rechid hits Octavius Rex in the head with her spoon.
0,971,00971,Things to Do When Encountering a Legendary Creature,1,1,1,1,Usually fine,
0,972,00972,Time Machine,1,1,1,1,Usually fine,
2,39a,0239a,Time to Eat,1,1,1,1,Usually fine,
0,974,00974,Tips for Jellyfish Fields,1,1,1,1,Usually fine,
1,9a,019a,To Dad and Back,1,1,1,1,Usually fine,Violence & death — Hungry: “I'm hungry! [punches Confused]”
5,87a,0587a,To Love a Patty,1,1,1,1,Usually fine,
2,27b,0227b,To Pop a Bubble,2,1,1,2,Mild — okay for many kids with a parent,"Sex & hookups — SpongeBob: “[wipes sweat] Phew! Time to go Bubble Buddy beddy-bye. [blows a bubble bed for Bubble Buddy to sleep on] Good night, my sultan of suds.…”"
5,95b,0595b,To Save a Squirrel,1,1,1,1,Usually fine,
6,116b,06116b,To SquarePants or Not to SquarePants,1,1,1,1,Usually fine,"Nudity & bodies — SpongeBob: “It's laundry day, Gary! [takes off Gary's shell, revealing his buttocks] Oops. [puts Gary's shell back on then takes it off again, revealing underwear]”"
2,36a,0236a,Too Many Patricks,2,1,1,2,Mild — okay for many kids with a parent,"Violence & death — Patrick: “[on TV, laying on a giant mattress] Hey, this one's really comfy. I'll test [Squidina comes in with three mattresses on a forklift] all these other mattresses after this. But right now, I'm just gonna keep laying here.…”"
0,981,00981,Top 10 Krabby Patty Varieties,1,1,1,1,Usually fine,
0,982,00982,Touchdown 1,1,1,1,1,Usually fine,
0,983,00983,Touchdown!,1,1,1,1,Usually fine,
6,120b,06120b,Toy Store of Doom,1,1,1,1,Usually fine,
0,985,00985,"Toys ""R"" Us THQ",1,1,1,1,Usually fine,
0,986,00986,Traffic,1,1,1,1,Usually fine,
8,174a,08174a,Treats!,1,1,1,1,Usually fine,Sex & hookups — Female fish in commercial: [gives the snail a treat and kisses the snail] Snail Bites.
7,142a,07142a,Trenchbillies,1,1,1,1,Usually fine,"Alcohol / Drugs — SpongeBob: “Hey, give me some of that! [begins drinking the soda] [Both SpongeBob and Patrick let out a very long and loud belch.]”"
10,211b,10211b,Trident Trouble,2,1,1,2,Mild — okay for many kids with a parent,Violence & death — The Kraken continues roaring. King Neptune fights against the monster with his trident. He creates a lightning fist and punches the Kraken to make it go very far away.
6,123,06123,Truth or Square,2,2,2,2,Mild — okay for many kids with a parent,"Sex & hookups — Ricky Gervais: “[As a voice over] 10 years ago, an unknown [The clip is replaced by a clip of Patchy laughing in Party Pooper Pants.""] pirate from Encino began a [The clip is replaced with a clip of Patchy removing the SpongeBob items…”"
7,149b,07149b,Tunnel of Glove,1,1,1,1,Usually fine,
9,190b,09190b,Tutor Sauce,1,1,1,1,Usually fine,"Gay / Lesbian — Mr. Krabs: “[looks at a smiling SpongeBob] This ticket's coming out of your paycheck, boy.”"
4,55b,0455b,TV or Not TV,1,1,1,1,Usually fine,Nudity & bodies — Patrick: “[giggles while watching TV in his underwear inside the suit]”
13,994,13994,Twas the Night Before Spongemas,2,1,1,2,Mild — okay for many kids with a parent,"Violence & death — SpongeBob: “Patrick, you fool! This was over before it started! I will now consider your unconditional surren-... [a snowball hits him in the face, sending him into the snow. He then drowns in it] ...-der.…”"
4,56a,0456a,Two Pests in a Teapot,2,1,1,2,Mild — okay for many kids with a parent,"Sex & hookups — Patrick: “[uses an ax to slice off the front of the cage; inserts his head into the cage as the creature screams] Come on, little fella, I won't bite.…”"
9,197b,09197b,Two Thumbs Down,1,1,1,1,Usually fine,"Sex & hookups — SpongeBob: “You got the right stuff, golden boys. [SpongeBob kisses his two thumbs-up.]”"
2,32b,0232b,Tying the Klop-Knot,2,1,1,2,Mild — okay for many kids with a parent,"Sex & hookups — Cecil and Bunny: “Awww, happy anniversary, hun! [they kiss]”"
3,54,0354,Ugh,2,1,1,2,Mild — okay for many kids with a parent,"Violence & death — [SpongeGar smiles and hits himself on the head. Patar smiles and punches himself in the face a couple times. SpongeGar pulls out his nose and lets it go, slamming it back into his face.…"
0,999,00999,UK 1,1,1,1,1,Usually fine,
0,1000,001000,UK 2,1,1,1,1,Usually fine,
2,33a,0233a,Un-Breaking and De-Entering,1,1,1,1,Usually fine,"Nudity & bodies — Transition to inside the Dinghy cabin. SpongeBob takes out a pair of underwear, which is ripped. He looks at Patrick, who is eating socks."
1,15a,0115a,Uncredible Journey,1,1,1,1,Usually fine,
13,269a,13269a,Under the Small Top,1,1,1,1,Usually fine,
15,308b,15308b,Unidentified Flailing Octopus,1,1,1,1,Usually fine,
10,206a,10206a,Unreal Estate,2,1,1,2,Mild — okay for many kids with a parent,"Sex & hookups — Squidward: “I know. [kisses his pepper shaker, then throws it off-screen]”"
13,275b,13275b,Upturn Girls,1,1,1,1,Usually fine,"Gay / Lesbian — Narlene: “[coming out of the barrel] How-dy, SpongeBob!”"
4,60b,0460b,Upturn's Downturn,1,1,1,1,Usually fine,
15,308a,15308a,UpWard,1,1,1,1,Usually fine,
1,16a,0116a,Valentine's Day,1,1,1,1,Usually fine,
4,64a,0464a,Visiting Vikings,1,2,1,2,Mild — okay for many kids with a parent,Nudity & bodies — GrandPat opens a drawer and tosses underwear into the cart.
5,83b,0583b,Waiting,1,1,1,1,Usually fine,Alcohol / Drugs — SpongeBob: “[drops to his knees] That stupid toy! I wasted my whole life waiting for it!”
1,18b,0118b,Walking Small,1,1,1,1,Usually fine,Sex & hookups — Plankton: “Butterfly kisses. Can't take it. It's too cute! It's... it's disgusting!”
8,160b,08160b,Walking the Plankton,1,1,1,1,Usually fine,
13,280b,13280b,Wallhalla,1,1,1,1,Usually fine,
0,1015,001015,Walmart Holiday x SpongeBob,1,1,1,1,Usually fine,
15,313a,15313a,Wary Gary,1,1,1,1,Usually fine,"Sex & hookups — Two live-action snails are seen kissing. Gary is watching it on TV, and SpongeBob looks out the window, seeing he is distracted."
0,1017,001017,Watch,1,1,1,1,Usually fine,
0,1018,001018,Watch Me,1,1,1,1,Usually fine,
14,295a,14295a,We ♥ Hoops,1,1,1,1,Usually fine,
13,279a,13279a,Welcome to Binary Bottom,2,1,1,2,Mild — okay for many kids with a parent,"Sex & hookups — SpongeBot: “Morning, SpongeBot! Ooh, you're looking handsome today! [the mirror SpongeBot kisses him] Mwah! Aww! [giggles]”"
7,140b,07140b,Welcome to the Bikini Bottom Triangle,1,1,1,1,Usually fine,
2,34a,0234a,Welcome to the Chum Bucket,1,1,1,1,Usually fine,"Affairs / cheating — Plankton: “It's a deal! I cheated, anyway.”"
3,50a,0350a,Wet Painters,1,1,1,1,Usually fine,"Nudity & bodies — SpongeBob: “Did it work? [Patrick comes out from the washing machine with the dollar, still with paint on it, in his hands; he also has a bra on his head]”"
4,71a,0471a,Whale of a Birthday,1,1,1,1,Usually fine,"Sex & hookups — Pearl: “Yeah! It's all about me! [comes out a car as people take pictures of Pearl as she walks on a red carpet wearing her pink prom dress] On my 16th birthday, [kisses, cuts to stuff falling down] I want music, and clothes…”"
11,233a,11233a,Whale Watching,1,1,1,1,Usually fine,"Alcohol / Drugs — At the breach party near the surface, the party goers are having a great time. Some are watching television, eating pizza and drinking soda.…"
1,7a,017a,What About Meep?,1,1,1,1,Usually fine,"Sex & hookups — Chovy stares blankly, glances around, and kisses SpongeBob's hand."
0,1027,001027,What Else Can a Krabby Patty Do?,1,1,1,1,Usually fine,
17,339b,17339b,What Ever Happened to Baby Prunes?,1,1,1,1,Usually fine,"Violence & death — Announcer: “[Offscreen] Please welcome, the newest, cutest little girl ever. Hey, who are you? How did you get in here? [Baby Prunes punches the announcer off-screen]”"
5,98,0598,What Ever Happened to SpongeBob?,1,1,1,1,Usually fine,Violence & death — Perch Perkins: “[before SpongeBob leaves the Krusty Krab] Stop what you're doing and don't go out that door. [SpongeBob stops and looks at the TV in the Krusty Krab] This is a KNKC special report.…”
0,1030,001030,What if SpongeBob Was Gone? (Gary),1,1,1,1,Usually fine,
0,1031,001031,What if SpongeBob Was Gone? (Mr. Krabs),1,1,1,1,Usually fine,
0,1032,001032,What if SpongeBob Was Gone? (Patrick),1,1,1,1,Usually fine,
0,1033,001033,What if SpongeBob Was Gone? (Sandy),1,1,1,1,Usually fine,
0,1034,001034,What if the Mystery Ended This Way...?,1,1,1,1,Usually fine,
0,1035,001035,What is Football?,1,1,1,1,Usually fine,
9,193b,09193b,What's Eating Patrick?,1,1,1,1,Usually fine,
7,148b,07148b,Whelk Attack,1,1,1,1,Usually fine,"Violence & death — Sandy: “Yes! [jumps in the air] I need to get a sample of their slime! If I can analyze it, [buffs her muscles and punches twice] I may be able to deduce...hi-yah!…”"
1,25a,0125a,Which Witch is Which?,1,1,1,1,Usually fine,"Sex & hookups — Patrick: “Oh, calm down, everybody. You know what they say: ""See a bat, kiss it twice, [holds up three fingers] always gets rid of head lice!""”"
10,205a,10205a,Whirly Brains,2,2,1,2,Mild — okay for many kids with a parent,Sex & hookups — Mr. Krabs: “Can I steal a little kiss?”
12,263a,12263a,Who R Zoo?,1,1,1,1,Usually fine,"Nudity & bodies — Squidward: “Now, wait just a darn second, I- [before he can rant, a bubble goat appears and eats his clothes; he sees himself mostly naked with his underpants on and freaks out; he runs over to the bubble rhino enclosure and gets…”"
1,7b,017b,Who's a Big Boy?,1,1,1,1,Usually fine,Sex & hookups — Bunny: “[picks up Patrick to kiss him] Myah! Who's a shrunken boy?”
15,318a,15318a,Who's Afraid of Mr. Snippers?,1,1,1,1,Usually fine,
2,36a,0236a,Who's Complaining?,1,1,1,1,Usually fine,
3,42b,0342b,Who's the Dummy Now?,1,1,1,1,Usually fine,"Sex & hookups — Bananas: “I was having such a [spins body and shakes legs] swell time, I thought I'd invite the rest of the Fosters! Let me introduce you. [pulls Cecil and goes to Squidina's dummy] My lovely daughter, Dolly. [kisses her] Mwah.”"
15,311a,15311a,Wiener Takes All,1,1,1,1,Usually fine,
4,74b,0474b,Wigstruck,1,1,1,1,Usually fine,
0,1047,001047,Wild Cod,1,1,1,1,Usually fine,
1,11a,0111a,Wise Kraken,1,1,1,1,Usually fine,
4,72b,0472b,Wishing You Well,1,1,1,1,Usually fine,Alcohol / Drugs — Mrs. Puff: “I wish I had a snazzy new boat. I wanna be a hot rod mama. [SpongeBob gasps. Patrick walks up to the well drinking a soda and throws it down the well when he is finished]”
2,25a,0225a,Wormy,1,1,1,1,Usually fine,"Nudity & bodies — SpongeBob: “[screams when he sees Squidward and Mr. Krabs' underwear and Squidward's Krusty Krab employee hat on the floor] It ate them! And there it goes! [Wormy flies out of the Krusty Krab] First Wormy, then Squidward, Mr.…”"
1,11a,0111a,X Marks the Pot,2,1,1,2,Mild — okay for many kids with a parent,"Sex & hookups — Bunny: “[on jetpack] He's going up against the Annihilator. Aren't you, sweetie? [kisses Cecil on the cheek] Have fun while I track down Patrick! [flies away]”"
13,283b,13283b,Yellow Pavement,1,1,1,1,Usually fine,"Sex & hookups — Cutouts of Mrs. Puff and Squidward start kissing SpongeBob. In the classroom, Mrs. Puff seethes in anger."
9,188b,09188b,Yeti Krabs,1,1,1,1,Usually fine,Nudity & bodies — Squidward: “[picks up a pair of underwear] You sure it's not these you're smelling?”
0,1054,001054,Yokel to Tough Guy,1,1,1,1,Usually fine,
7,149a,07149a,You Don't Know Sponge,1,1,1,1,Usually fine,
0,1056,001056,You Know You're From Bikini Bottom When...,1,1,1,1,Usually fine,
13,279b,13279b,You're Going to Pay...Phone,1,1,1,1,Usually fine,
2,21a,0221a,Your Shoe's Untied,1,1,1,1,Usually fine,
7,132a,07132a,"Yours, Mine and Mine",1,1,1,1,Usually fine,
4,59a,0459a,Zoo U,1,1,1,1,Usually fine,"Nudity & bodies — Cecil: “Okay, nothing's better than TV. But college is pretty cool. I know they were the best years of my life. [shows picture of someone pulling on his underwear while suspended in the air] Yup, I was the big sea star on…”"
